ICD10,Description
T7401XA,"Adult neglect or abandonment, confirmed, initial encounter"
T7401XA,"Adult neglect or abandonment, confirmed, initial encounter"
T7402XA,"Child neglect or abandonment, confirmed, initial encounter"
T7402XA,"Child neglect or abandonment, confirmed, initial encounter"
T7411XA,"Adult physical abuse, confirmed, initial encounter"
T7412XA,"Child physical abuse, confirmed, initial encounter"
T7421XA,"Adult sexual abuse, confirmed, initial encounter"
T7422XA,"Child sexual abuse, confirmed, initial encounter"
T7431XA,"Adult psychological abuse, confirmed, initial encounter"
T7432XA,"Child psychological abuse, confirmed, initial encounter"
T7491XA,"Unspecified adult maltreatment, confirmed, initial encounter"
T7491XA,"Unspecified adult maltreatment, confirmed, initial encounter"
T7492XA,"Unspecified child maltreatment, confirmed, initial encounter"
T7492XA,"Unspecified child maltreatment, confirmed, initial encounter"
T7601XA,"Adult neglect or abandonment, suspected, initial encounter"
T7602XA,"Child neglect or abandonment, suspected, initial encounter"
T7611XA,"Adult physical abuse, suspected, initial encounter"
T7612XA,"Child physical abuse, suspected, initial encounter"
T7621XA,"Adult sexual abuse, suspected, initial encounter"
T7622XA,"Child sexual abuse, suspected, initial encounter"
T7631XA,"Adult psychological abuse, suspected, initial encounter"
T7632XA,"Child psychological abuse, suspected, initial encounter"
T7691XA,"Unspecified adult maltreatment, suspected, initial encounter"
T7691XA,"Unspecified adult maltreatment, suspected, initial encounter"
T7692XA,"Unspecified child maltreatment, suspected, initial encounter"
T7692XA,"Unspecified child maltreatment, suspected, initial encounter"
Y0701,"Husband, perpetrator of maltreatment and neglect"
Y0701,"Husband, perpetrator of maltreatment and neglect"
Y0702,"Wife, perpetrator of maltreatment and neglect"
Y0702,"Wife, perpetrator of maltreatment and neglect"
Y0703,"Male partner, perpetrator of maltreatment and neglect"
Y0703,"Male partner, perpetrator of maltreatment and neglect"
Y0704,"Female partner, perpetrator of maltreatment and neglect"
Y0704,"Female partner, perpetrator of maltreatment and neglect"
Y0711,"Biological father, perpetrator of maltreatment and neglect"
Y0711,"Biological father, perpetrator of maltreatment and neglect"
Y0712,"Biological mother, perpetrator of maltreatment and neglect"
Y0712,"Biological mother, perpetrator of maltreatment and neglect"
Y0713,"Adoptive father, perpetrator of maltreatment and neglect"
Y0713,"Adoptive father, perpetrator of maltreatment and neglect"
Y0714,"Adoptive mother, perpetrator of maltreatment and neglect"
Y0714,"Adoptive mother, perpetrator of maltreatment and neglect"
Y07410,"Brother, perpetrator of maltreatment and neglect"
Y07410,"Brother, perpetrator of maltreatment and neglect"
Y07411,"Sister, perpetrator of maltreatment and neglect"
Y07411,"Sister, perpetrator of maltreatment and neglect"
Y07420,"Foster father, perpetrator of maltreatment and neglect"
Y07420,"Foster father, perpetrator of maltreatment and neglect"
Y07421,"Foster mother, perpetrator of maltreatment and neglect"
Y07421,"Foster mother, perpetrator of maltreatment and neglect"
Y07430,"Stepfather, perpetrator of maltreatment and neglect"
Y07430,"Stepfather, perpetrator of maltreatment and neglect"
Y07432,"Male friend of parent, perpetrator of maltreat and neglect"
Y07432,"Male friend of parent, perpetrator of maltreat and neglect"
Y07433,"Stepmother, perpetrator of maltreatment and neglect"
Y07433,"Stepmother, perpetrator of maltreatment and neglect"
Y07434,"Female friend of parent, perp of maltreat and neglect"
Y07434,"Female friend of parent, perp of maltreat and neglect"
Y07435,"Stepbrother, perpetrator or maltreatment and neglect"
Y07435,"Stepbrother, perpetrator or maltreatment and neglect"
Y07436,"Stepsister, perpetrator of maltreatment and neglect"
Y07436,"Stepsister, perpetrator of maltreatment and neglect"
Y07490,"Male cousin, perpetrator of maltreatment and neglect"
Y07490,"Male cousin, perpetrator of maltreatment and neglect"
Y07491,"Female cousin, perpetrator of maltreatment and neglect"
Y07491,"Female cousin, perpetrator of maltreatment and neglect"
Y07499,"Other family member, perpetrator of maltreatment and neglect"
Y07499,"Other family member, perpetrator of maltreatment and neglect"
Y07499,"Other family member, perpetrator of maltreatment and neglect"
Y07499,"Other family member, perpetrator of maltreatment and neglect"
Y0750,"Unsp non-family member, perpetrator of maltreat and neglect"
Y0750,"Unsp non-family member, perpetrator of maltreat and neglect"
Y0750,"Unsp non-family member, perpetrator of maltreat and neglect"
Y07510,"At-home childcare provider, perp of maltreat and neglect"
Y07510,"At-home childcare provider, perp of maltreat and neglect"
Y07511,"Daycare center childcare prov, perp of maltreat and neglect"
Y07511,"Daycare center childcare prov, perp of maltreat and neglect"
Y07512,"At-home adultcare provider, perp of maltreat and neglect"
Y07512,"At-home adultcare provider, perp of maltreat and neglect"
Y07513,"Adultcare center provider, perp of maltreat and neglect"
Y07513,"Adultcare center provider, perp of maltreat and neglect"
Y07519,"Unsp daycare provider, perpetrator of maltreat and neglect"
Y07519,"Unsp daycare provider, perpetrator of maltreat and neglect"
Y07521,"Mental health provider, perpetrator of maltreat and neglect"
Y07521,"Mental health provider, perpetrator of maltreat and neglect"
Y07528,"Oth therapist or healthcare prov, perp of maltreat & neglect"
Y07528,"Oth therapist or healthcare prov, perp of maltreat & neglect"
Y07529,"Unsp healthcare provider, perp of maltreat and neglect"
Y07529,"Unsp healthcare provider, perp of maltreat and neglect"
Y0753,"Teacher or instructor, perpetrator of maltreat and neglect"
Y0753,"Teacher or instructor, perpetrator of maltreat and neglect"
Y0759,"Oth non-family member, perpetrator of maltreat and neglect"
Y0759,"Oth non-family member, perpetrator of maltreat and neglect"
Y079,Unspecified perpetrator of maltreatment and neglect
Z69010,Encntr for mental hlth serv for victim of prntl child abuse
Z69020,Encntr for mntl hlth serv for vctm of non-prntl child abuse
Z6911,Encntr for mntl hlth serv for victim of spous or prtnr abuse
Z91410,Personal history of adult physical and sexual abuse
Z91411,Personal history of adult psychological abuse
Z91412,Personal history of adult neglect
T360X3A,"Poisoning by penicillins, assault, initial encounter"
T360X3A,"Poisoning by penicillins, assault, initial encounter"
T360X3S,"Poisoning by penicillins, assault, sequela"
T360X3S,"Poisoning by penicillins, assault, sequela"
T361X3A,"Poisn by cephalospor/oth beta-lactm antibiot, assault, init"
T361X3A,"Poisn by cephalospor/oth beta-lactm antibiot, assault, init"
T361X3S,"Poisn by cephalospor/oth beta-lactm antibiot, asslt, sequela"
T361X3S,"Poisn by cephalospor/oth beta-lactm antibiot, asslt, sequela"
T362X3A,"Poisoning by chloramphenicol group, assault, init encntr"
T362X3A,"Poisoning by chloramphenicol group, assault, init encntr"
T362X3S,"Poisoning by chloramphenicol group, assault, sequela"
T362X3S,"Poisoning by chloramphenicol group, assault, sequela"
T363X3A,"Poisoning by macrolides, assault, initial encounter"
T363X3A,"Poisoning by macrolides, assault, initial encounter"
T363X3S,"Poisoning by macrolides, assault, sequela"
T363X3S,"Poisoning by macrolides, assault, sequela"
T364X3A,"Poisoning by tetracyclines, assault, initial encounter"
T364X3A,"Poisoning by tetracyclines, assault, initial encounter"
T364X3S,"Poisoning by tetracyclines, assault, sequela"
T364X3S,"Poisoning by tetracyclines, assault, sequela"
T365X3A,"Poisoning by aminoglycosides, assault, initial encounter"
T365X3A,"Poisoning by aminoglycosides, assault, initial encounter"
T365X3S,"Poisoning by aminoglycosides, assault, sequela"
T365X3S,"Poisoning by aminoglycosides, assault, sequela"
T366X3A,"Poisoning by rifampicins, assault, initial encounter"
T366X3A,"Poisoning by rifampicins, assault, initial encounter"
T366X3S,"Poisoning by rifampicins, assault, sequela"
T366X3S,"Poisoning by rifampicins, assault, sequela"
T367X3A,"Poisoning by antifungal antibiotics, sys used, assault, init"
T367X3A,"Poisoning by antifungal antibiotics, sys used, assault, init"
T367X3S,"Poisoning by antifungal antibiot, sys used, assault, sequela"
T367X3S,"Poisoning by antifungal antibiot, sys used, assault, sequela"
T368X3A,"Poisoning by oth systemic antibiotics, assault, init encntr"
T368X3A,"Poisoning by oth systemic antibiotics, assault, init encntr"
T368X3S,"Poisoning by other systemic antibiotics, assault, sequela"
T368X3S,"Poisoning by other systemic antibiotics, assault, sequela"
T3693XA,"Poisoning by unsp systemic antibiotic, assault, init encntr"
T3693XA,"Poisoning by unsp systemic antibiotic, assault, init encntr"
T3693XS,"Poisoning by unsp systemic antibiotic, assault, sequela"
T3693XS,"Poisoning by unsp systemic antibiotic, assault, sequela"
T370X3A,"Poisoning by sulfonamides, assault, initial encounter"
T370X3A,"Poisoning by sulfonamides, assault, initial encounter"
T370X3S,"Poisoning by sulfonamides, assault, sequela"
T370X3S,"Poisoning by sulfonamides, assault, sequela"
T371X3A,"Poisoning by antimycobacterial drugs, assault, init encntr"
T371X3A,"Poisoning by antimycobacterial drugs, assault, init encntr"
T371X3S,"Poisoning by antimycobacterial drugs, assault, sequela"
T371X3S,"Poisoning by antimycobacterial drugs, assault, sequela"
T372X3A,"Poisn by antimalari/drugs acting on bld protzoa, asslt, init"
T372X3A,"Poisn by antimalari/drugs acting on bld protzoa, asslt, init"
T372X3S,"Poisn by antimalari/drugs acting on bld protzoa, asslt, sqla"
T372X3S,"Poisn by antimalari/drugs acting on bld protzoa, asslt, sqla"
T373X3A,"Poisoning by other antiprotozoal drugs, assault, init encntr"
T373X3A,"Poisoning by other antiprotozoal drugs, assault, init encntr"
T373X3S,"Poisoning by other antiprotozoal drugs, assault, sequela"
T373X3S,"Poisoning by other antiprotozoal drugs, assault, sequela"
T374X3A,"Poisoning by anthelminthics, assault, initial encounter"
T374X3A,"Poisoning by anthelminthics, assault, initial encounter"
T374X3S,"Poisoning by anthelminthics, assault, sequela"
T374X3S,"Poisoning by anthelminthics, assault, sequela"
T375X3A,"Poisoning by antiviral drugs, assault, initial encounter"
T375X3A,"Poisoning by antiviral drugs, assault, initial encounter"
T375X3S,"Poisoning by antiviral drugs, assault, sequela"
T375X3S,"Poisoning by antiviral drugs, assault, sequela"
T378X3A,"Poisoning by oth systemic anti-infect/parasit, assault, init"
T378X3A,"Poisoning by oth systemic anti-infect/parasit, assault, init"
T378X3S,"Poisn by oth systemic anti-infect/parasit, assault, sequela"
T378X3S,"Poisn by oth systemic anti-infect/parasit, assault, sequela"
T3793XA,"Poisn by unsp sys anti-infect and antiparastc, assault, init"
T3793XA,"Poisn by unsp sys anti-infect and antiparastc, assault, init"
T3793XS,"Poisn by unsp sys anti-infect and antiparastc, asslt, sqla"
T3793XS,"Poisn by unsp sys anti-infect and antiparastc, asslt, sqla"
T380X3A,"Poisoning by glucocort/synth analog, assault, init"
T380X3A,"Poisoning by glucocort/synth analog, assault, init"
T380X3S,"Poisoning by glucocort/synth analog, assault, sequela"
T380X3S,"Poisoning by glucocort/synth analog, assault, sequela"
T381X3A,"Poisoning by thyroid hormones and substitutes, assault, init"
T381X3A,"Poisoning by thyroid hormones and substitutes, assault, init"
T381X3S,"Poisoning by thyroid hormones and sub, assault, sequela"
T381X3S,"Poisoning by thyroid hormones and sub, assault, sequela"
T382X3A,"Poisoning by antithyroid drugs, assault, initial encounter"
T382X3A,"Poisoning by antithyroid drugs, assault, initial encounter"
T382X3S,"Poisoning by antithyroid drugs, assault, sequela"
T382X3S,"Poisoning by antithyroid drugs, assault, sequela"
T383X3A,"Poisn by insulin and oral hypoglycemic drugs, assault, init"
T383X3A,"Poisn by insulin and oral hypoglycemic drugs, assault, init"
T383X3S,"Poisn by insulin and oral hypoglycemic drugs, asslt, sequela"
T383X3S,"Poisn by insulin and oral hypoglycemic drugs, asslt, sequela"
T384X3A,"Poisoning by oral contraceptives, assault, initial encounter"
T384X3A,"Poisoning by oral contraceptives, assault, initial encounter"
T384X3S,"Poisoning by oral contraceptives, assault, sequela"
T384X3S,"Poisoning by oral contraceptives, assault, sequela"
T385X3A,"Poisoning by oth estrogens and progestogens, assault, init"
T385X3A,"Poisoning by oth estrogens and progestogens, assault, init"
T385X3S,"Poisoning by oth estrogens and progstrn, assault, sequela"
T385X3S,"Poisoning by oth estrogens and progstrn, assault, sequela"
T386X3A,"Poisn by antigonadtr/antiestr/antiandrg, NEC, assault, init"
T386X3A,"Poisn by antigonadtr/antiestr/antiandrg, NEC, assault, init"
T386X3S,"Poisn by antigonadtr/antiestr/antiandrg, NEC, asslt, sequela"
T386X3S,"Poisn by antigonadtr/antiestr/antiandrg, NEC, asslt, sequela"
T387X3A,"Poisoning by androgens and anabolic congeners, assault, init"
T387X3A,"Poisoning by androgens and anabolic congeners, assault, init"
T387X3S,"Poisn by androgens and anabolic congeners, assault, sequela"
T387X3S,"Poisn by androgens and anabolic congeners, assault, sequela"
T38803A,"Poisoning by unsp hormones and synthetic sub, assault, init"
T38803A,"Poisoning by unsp hormones and synthetic sub, assault, init"
T38803S,"Poisn by unsp hormones and synthetic sub, assault, sequela"
T38803S,"Poisn by unsp hormones and synthetic sub, assault, sequela"
T38813A,"Poisoning by anterior pituitary hormones, assault, init"
T38813A,"Poisoning by anterior pituitary hormones, assault, init"
T38813S,"Poisoning by anterior pituitary hormones, assault, sequela"
T38813S,"Poisoning by anterior pituitary hormones, assault, sequela"
T38893A,"Poisoning by oth hormones and synthetic sub, assault, init"
T38893A,"Poisoning by oth hormones and synthetic sub, assault, init"
T38893S,"Poisn by oth hormones and synthetic sub, assault, sequela"
T38893S,"Poisn by oth hormones and synthetic sub, assault, sequela"
T38903A,"Poisoning by unsp hormone antagonists, assault, init encntr"
T38903A,"Poisoning by unsp hormone antagonists, assault, init encntr"
T38903S,"Poisoning by unsp hormone antagonists, assault, sequela"
T38903S,"Poisoning by unsp hormone antagonists, assault, sequela"
T38993A,"Poisoning by other hormone antagonists, assault, init encntr"
T38993A,"Poisoning by other hormone antagonists, assault, init encntr"
T38993S,"Poisoning by other hormone antagonists, assault, sequela"
T38993S,"Poisoning by other hormone antagonists, assault, sequela"
T39013A,"Poisoning by aspirin, assault, initial encounter"
T39013A,"Poisoning by aspirin, assault, initial encounter"
T39013S,"Poisoning by aspirin, assault, sequela"
T39013S,"Poisoning by aspirin, assault, sequela"
T39093A,"Poisoning by salicylates, assault, initial encounter"
T39093A,"Poisoning by salicylates, assault, initial encounter"
T39093S,"Poisoning by salicylates, assault, sequela"
T39093S,"Poisoning by salicylates, assault, sequela"
T391X3A,"Poisoning by 4-Aminophenol derivatives, assault, init encntr"
T391X3A,"Poisoning by 4-Aminophenol derivatives, assault, init encntr"
T391X3S,"Poisoning by 4-Aminophenol derivatives, assault, sequela"
T391X3S,"Poisoning by 4-Aminophenol derivatives, assault, sequela"
T392X3A,"Poisoning by pyrazolone derivatives, assault, init encntr"
T392X3A,"Poisoning by pyrazolone derivatives, assault, init encntr"
T392X3S,"Poisoning by pyrazolone derivatives, assault, sequela"
T392X3S,"Poisoning by pyrazolone derivatives, assault, sequela"
T39313A,"Poisoning by propionic acid derivatives, assault, init"
T39313A,"Poisoning by propionic acid derivatives, assault, init"
T39313S,"Poisoning by propionic acid derivatives, assault, sequela"
T39313S,"Poisoning by propionic acid derivatives, assault, sequela"
T39393A,"Poisoning by oth nonsteroid anti-inflam drugs, assault, init"
T39393A,"Poisoning by oth nonsteroid anti-inflam drugs, assault, init"
T39393S,"Poisn by oth nonsteroid anti-inflam drugs, assault, sequela"
T39393S,"Poisn by oth nonsteroid anti-inflam drugs, assault, sequela"
T394X3A,"Poisoning by antirheumatics, NEC, assault, init"
T394X3A,"Poisoning by antirheumatics, NEC, assault, init"
T394X3S,"Poisoning by antirheumatics, NEC, assault, sequela"
T394X3S,"Poisoning by antirheumatics, NEC, assault, sequela"
T398X3A,"Poisn by oth nonopio analges/antipyret, NEC, assault, init"
T398X3A,"Poisn by oth nonopio analges/antipyret, NEC, assault, init"
T398X3A,"Poisn by oth nonopio analges/antipyret, NEC, assault, init"
T398X3S,"Poisn by oth nonopio analges/antipyret, NEC, asslt, sequela"
T398X3S,"Poisn by oth nonopio analges/antipyret, NEC, asslt, sequela"
T3993XA,"Poisn by unsp nonopi analgs/antipyr/antirheu, assault, init"
T3993XA,"Poisn by unsp nonopi analgs/antipyr/antirheu, assault, init"
T3993XS,"Poisn by unsp nonopi analgs/antipyr/antirheu, asslt, sequela"
T3993XS,"Poisn by unsp nonopi analgs/antipyr/antirheu, asslt, sequela"
T400X3A,"Poisoning by opium, assault, initial encounter"
T400X3A,"Poisoning by opium, assault, initial encounter"
T400X3S,"Poisoning by opium, assault, sequela"
T400X3S,"Poisoning by opium, assault, sequela"
T401X3A,"Poisoning by heroin, assault, initial encounter"
T401X3A,"Poisoning by heroin, assault, initial encounter"
T401X3S,"Poisoning by heroin, assault, sequela"
T401X3S,"Poisoning by heroin, assault, sequela"
T402X3A,"Poisoning by other opioids, assault, initial encounter"
T402X3A,"Poisoning by other opioids, assault, initial encounter"
T402X3S,"Poisoning by other opioids, assault, sequela"
T402X3S,"Poisoning by other opioids, assault, sequela"
T403X3A,"Poisoning by methadone, assault, initial encounter"
T403X3A,"Poisoning by methadone, assault, initial encounter"
T403X3S,"Poisoning by methadone, assault, sequela"
T403X3S,"Poisoning by methadone, assault, sequela"
T404X3A,"Poisoning by other synthetic narcotics, assault, init encntr"
T404X3A,"Poisoning by other synthetic narcotics, assault, init encntr"
T404X3S,"Poisoning by other synthetic narcotics, assault, sequela"
T404X3S,"Poisoning by other synthetic narcotics, assault, sequela"
T405X3A,"Poisoning by cocaine, assault, initial encounter"
T405X3A,"Poisoning by cocaine, assault, initial encounter"
T405X3S,"Poisoning by cocaine, assault, sequela"
T405X3S,"Poisoning by cocaine, assault, sequela"
T40603A,"Poisoning by unspecified narcotics, assault, init encntr"
T40603A,"Poisoning by unspecified narcotics, assault, init encntr"
T40603S,"Poisoning by unspecified narcotics, assault, sequela"
T40603S,"Poisoning by unspecified narcotics, assault, sequela"
T40693A,"Poisoning by other narcotics, assault, initial encounter"
T40693A,"Poisoning by other narcotics, assault, initial encounter"
T40693S,"Poisoning by other narcotics, assault, sequela"
T40693S,"Poisoning by other narcotics, assault, sequela"
T407X3A,"Poisoning by cannabis (derivatives), assault, init encntr"
T407X3A,"Poisoning by cannabis (derivatives), assault, init encntr"
T407X3S,"Poisoning by cannabis (derivatives), assault, sequela"
T407X3S,"Poisoning by cannabis (derivatives), assault, sequela"
T408X3A,"Poisoning by lysergide [LSD], assault, initial encounter"
T408X3A,"Poisoning by lysergide [LSD], assault, initial encounter"
T408X3S,"Poisoning by lysergide [LSD], assault, sequela"
T408X3S,"Poisoning by lysergide [LSD], assault, sequela"
T40903A,"Poisoning by unsp psychodysleptics, assault, init encntr"
T40903A,"Poisoning by unsp psychodysleptics, assault, init encntr"
T40903S,"Poisoning by unspecified psychodysleptics, assault, sequela"
T40903S,"Poisoning by unspecified psychodysleptics, assault, sequela"
T40993A,"Poisoning by other psychodysleptics, assault, init encntr"
T40993A,"Poisoning by other psychodysleptics, assault, init encntr"
T40993S,"Poisoning by other psychodysleptics, assault, sequela"
T40993S,"Poisoning by other psychodysleptics, assault, sequela"
T410X3A,"Poisoning by inhaled anesthetics, assault, initial encounter"
T410X3A,"Poisoning by inhaled anesthetics, assault, initial encounter"
T410X3A,"Poisoning by inhaled anesthetics, assault, initial encounter"
T410X3S,"Poisoning by inhaled anesthetics, assault, sequela"
T410X3S,"Poisoning by inhaled anesthetics, assault, sequela"
T411X3A,"Poisoning by intravenous anesthetics, assault, init encntr"
T411X3A,"Poisoning by intravenous anesthetics, assault, init encntr"
T411X3S,"Poisoning by intravenous anesthetics, assault, sequela"
T411X3S,"Poisoning by intravenous anesthetics, assault, sequela"
T41203A,"Poisoning by unsp general anesthetics, assault, init encntr"
T41203A,"Poisoning by unsp general anesthetics, assault, init encntr"
T41203S,"Poisoning by unsp general anesthetics, assault, sequela"
T41203S,"Poisoning by unsp general anesthetics, assault, sequela"
T41293A,"Poisoning by other general anesthetics, assault, init encntr"
T41293A,"Poisoning by other general anesthetics, assault, init encntr"
T41293S,"Poisoning by other general anesthetics, assault, sequela"
T41293S,"Poisoning by other general anesthetics, assault, sequela"
T413X3A,"Poisoning by local anesthetics, assault, initial encounter"
T413X3A,"Poisoning by local anesthetics, assault, initial encounter"
T413X3A,"Poisoning by local anesthetics, assault, initial encounter"
T413X3S,"Poisoning by local anesthetics, assault, sequela"
T413X3S,"Poisoning by local anesthetics, assault, sequela"
T4143XA,"Poisoning by unspecified anesthetic, assault, init encntr"
T4143XA,"Poisoning by unspecified anesthetic, assault, init encntr"
T4143XS,"Poisoning by unspecified anesthetic, assault, sequela"
T4143XS,"Poisoning by unspecified anesthetic, assault, sequela"
T415X3A,"Poisoning by therapeutic gases, assault, initial encounter"
T415X3A,"Poisoning by therapeutic gases, assault, initial encounter"
T415X3S,"Poisoning by therapeutic gases, assault, sequela"
T415X3S,"Poisoning by therapeutic gases, assault, sequela"
T420X3A,"Poisoning by hydantoin derivatives, assault, init encntr"
T420X3A,"Poisoning by hydantoin derivatives, assault, init encntr"
T420X3S,"Poisoning by hydantoin derivatives, assault, sequela"
T420X3S,"Poisoning by hydantoin derivatives, assault, sequela"
T421X3A,"Poisoning by iminostilbenes, assault, initial encounter"
T421X3A,"Poisoning by iminostilbenes, assault, initial encounter"
T421X3S,"Poisoning by iminostilbenes, assault, sequela"
T421X3S,"Poisoning by iminostilbenes, assault, sequela"
T422X3A,"Poisn by succinimides and oxazolidinediones, assault, init"
T422X3A,"Poisn by succinimides and oxazolidinediones, assault, init"
T422X3A,"Poisn by succinimides and oxazolidinediones, assault, init"
T422X3S,"Poisn by succinimides and oxazolidinediones, asslt, sequela"
T422X3S,"Poisn by succinimides and oxazolidinediones, asslt, sequela"
T423X3A,"Poisoning by barbiturates, assault, initial encounter"
T423X3A,"Poisoning by barbiturates, assault, initial encounter"
T423X3S,"Poisoning by barbiturates, assault, sequela"
T423X3S,"Poisoning by barbiturates, assault, sequela"
T424X3A,"Poisoning by benzodiazepines, assault, initial encounter"
T424X3A,"Poisoning by benzodiazepines, assault, initial encounter"
T424X3S,"Poisoning by benzodiazepines, assault, sequela"
T424X3S,"Poisoning by benzodiazepines, assault, sequela"
T425X3A,"Poisoning by mixed antiepileptics, assault, init encntr"
T425X3A,"Poisoning by mixed antiepileptics, assault, init encntr"
T425X3S,"Poisoning by mixed antiepileptics, assault, sequela"
T425X3S,"Poisoning by mixed antiepileptics, assault, sequela"
T426X3A,"Poisn by oth antieplptc and sed-hypntc drugs, assault, init"
T426X3A,"Poisn by oth antieplptc and sed-hypntc drugs, assault, init"
T426X3A,"Poisn by oth antieplptc and sed-hypntc drugs, assault, init"
T426X3A,"Poisn by oth antieplptc and sed-hypntc drugs, assault, init"
T426X3A,"Poisn by oth antieplptc and sed-hypntc drugs, assault, init"
T426X3A,"Poisn by oth antieplptc and sed-hypntc drugs, assault, init"
T426X3A,"Poisn by oth antieplptc and sed-hypntc drugs, assault, init"
T426X3A,"Poisn by oth antieplptc and sed-hypntc drugs, assault, init"
T426X3A,"Poisn by oth antieplptc and sed-hypntc drugs, assault, init"
T426X3S,"Poisn by oth antieplptc and sed-hypntc drugs, asslt, sequela"
T426X3S,"Poisn by oth antieplptc and sed-hypntc drugs, asslt, sequela"
T4273XA,"Poisn by unsp antieplptc and sed-hypntc drugs, assault, init"
T4273XA,"Poisn by unsp antieplptc and sed-hypntc drugs, assault, init"
T4273XA,"Poisn by unsp antieplptc and sed-hypntc drugs, assault, init"
T4273XS,"Poisn by unsp antieplptc and sed-hypntc drugs, asslt, sqla"
T4273XS,"Poisn by unsp antieplptc and sed-hypntc drugs, asslt, sqla"
T428X3A,"Poisn by antiparkns drug/centr musc-tone depr, assault, init"
T428X3A,"Poisn by antiparkns drug/centr musc-tone depr, assault, init"
T428X3A,"Poisn by antiparkns drug/centr musc-tone depr, assault, init"
T428X3S,"Poisn by antiparkns drug/centr musc-tone depr, asslt, sqla"
T428X3S,"Poisn by antiparkns drug/centr musc-tone depr, asslt, sqla"
T43013A,"Poisoning by tricyclic antidepressants, assault, init encntr"
T43013A,"Poisoning by tricyclic antidepressants, assault, init encntr"
T43013S,"Poisoning by tricyclic antidepressants, assault, sequela"
T43013S,"Poisoning by tricyclic antidepressants, assault, sequela"
T43023A,"Poisoning by tetracyclic antidepressants, assault, init"
T43023A,"Poisoning by tetracyclic antidepressants, assault, init"
T43023S,"Poisoning by tetracyclic antidepressants, assault, sequela"
T43023S,"Poisoning by tetracyclic antidepressants, assault, sequela"
T431X3A,"Poisoning by MAO inhib antidepressants, assault, init"
T431X3A,"Poisoning by MAO inhib antidepressants, assault, init"
T431X3S,"Poisoning by MAO inhib antidepressants, assault, sequela"
T431X3S,"Poisoning by MAO inhib antidepressants, assault, sequela"
T43203A,"Poisoning by unsp antidepressants, assault, init encntr"
T43203A,"Poisoning by unsp antidepressants, assault, init encntr"
T43203S,"Poisoning by unspecified antidepressants, assault, sequela"
T43203S,"Poisoning by unspecified antidepressants, assault, sequela"
T43213A,"Poisn by slctv seroton/norepineph reup inhibtr, asslt, init"
T43213A,"Poisn by slctv seroton/norepineph reup inhibtr, asslt, init"
T43213S,"Poisn by slctv seroton/norepineph reup inhibtr, asslt, sqla"
T43213S,"Poisn by slctv seroton/norepineph reup inhibtr, asslt, sqla"
T43223A,"Poisn by selective serotonin reuptake inhibtr, assault, init"
T43223A,"Poisn by selective serotonin reuptake inhibtr, assault, init"
T43223S,"Poisn by slctv serotonin reuptake inhibtr, assault, sequela"
T43223S,"Poisn by slctv serotonin reuptake inhibtr, assault, sequela"
T43293A,"Poisoning by other antidepressants, assault, init encntr"
T43293A,"Poisoning by other antidepressants, assault, init encntr"
T43293S,"Poisoning by other antidepressants, assault, sequela"
T43293S,"Poisoning by other antidepressants, assault, sequela"
T433X3A,"Poisoning by phenothiaz antipsychot/neurolept, assault, init"
T433X3A,"Poisoning by phenothiaz antipsychot/neurolept, assault, init"
T433X3S,"Poisn by phenothiaz antipsychot/neurolept, assault, sequela"
T433X3S,"Poisn by phenothiaz antipsychot/neurolept, assault, sequela"
T434X3A,"Poisoning by butyrophen/thiothixen neuroleptc, assault, init"
T434X3A,"Poisoning by butyrophen/thiothixen neuroleptc, assault, init"
T434X3S,"Poisn by butyrophen/thiothixen neuroleptc, assault, sequela"
T434X3S,"Poisn by butyrophen/thiothixen neuroleptc, assault, sequela"
T43503A,"Poisoning by unsp antipsychot/neurolept, assault, init"
T43503A,"Poisoning by unsp antipsychot/neurolept, assault, init"
T43503S,"Poisoning by unsp antipsychot/neurolept, assault, sequela"
T43503S,"Poisoning by unsp antipsychot/neurolept, assault, sequela"
T43593A,"Poisoning by oth antipsychot/neurolept, assault, init"
T43593A,"Poisoning by oth antipsychot/neurolept, assault, init"
T43593S,"Poisoning by oth antipsychot/neurolept, assault, sequela"
T43593S,"Poisoning by oth antipsychot/neurolept, assault, sequela"
T43603A,"Poisoning by unsp psychostimulants, assault, init encntr"
T43603A,"Poisoning by unsp psychostimulants, assault, init encntr"
T43603S,"Poisoning by unspecified psychostimulants, assault, sequela"
T43603S,"Poisoning by unspecified psychostimulants, assault, sequela"
T43613A,"Poisoning by caffeine, assault, initial encounter"
T43613A,"Poisoning by caffeine, assault, initial encounter"
T43613S,"Poisoning by caffeine, assault, sequela"
T43613S,"Poisoning by caffeine, assault, sequela"
T43623A,"Poisoning by amphetamines, assault, initial encounter"
T43623A,"Poisoning by amphetamines, assault, initial encounter"
T43623S,"Poisoning by amphetamines, assault, sequela"
T43623S,"Poisoning by amphetamines, assault, sequela"
T43633A,"Poisoning by methylphenidate, assault, initial encounter"
T43633A,"Poisoning by methylphenidate, assault, initial encounter"
T43633S,"Poisoning by methylphenidate, assault, sequela"
T43633S,"Poisoning by methylphenidate, assault, sequela"
T43693A,"Poisoning by other psychostimulants, assault, init encntr"
T43693A,"Poisoning by other psychostimulants, assault, init encntr"
T43693S,"Poisoning by other psychostimulants, assault, sequela"
T43693S,"Poisoning by other psychostimulants, assault, sequela"
T438X3A,"Poisoning by other psychotropic drugs, assault, init encntr"
T438X3A,"Poisoning by other psychotropic drugs, assault, init encntr"
T438X3S,"Poisoning by other psychotropic drugs, assault, sequela"
T438X3S,"Poisoning by other psychotropic drugs, assault, sequela"
T4393XA,"Poisoning by unsp psychotropic drug, assault, init encntr"
T4393XA,"Poisoning by unsp psychotropic drug, assault, init encntr"
T4393XS,"Poisoning by unspecified psychotropic drug, assault, sequela"
T4393XS,"Poisoning by unspecified psychotropic drug, assault, sequela"
T440X3A,"Poisoning by anticholinesterase agents, assault, init encntr"
T440X3A,"Poisoning by anticholinesterase agents, assault, init encntr"
T440X3S,"Poisoning by anticholinesterase agents, assault, sequela"
T440X3S,"Poisoning by anticholinesterase agents, assault, sequela"
T441X3A,"Poisoning by oth parasympathomimetics, assault, init encntr"
T441X3A,"Poisoning by oth parasympathomimetics, assault, init encntr"
T441X3S,"Poisoning by other parasympathomimetics, assault, sequela"
T441X3S,"Poisoning by other parasympathomimetics, assault, sequela"
T442X3A,"Poisoning by ganglionic blocking drugs, assault, init encntr"
T442X3A,"Poisoning by ganglionic blocking drugs, assault, init encntr"
T442X3S,"Poisoning by ganglionic blocking drugs, assault, sequela"
T442X3S,"Poisoning by ganglionic blocking drugs, assault, sequela"
T443X3A,"Poisoning by oth parasympath and spasmolytics, assault, init"
T443X3A,"Poisoning by oth parasympath and spasmolytics, assault, init"
T443X3S,"Poisn by oth parasympath and spasmolytics, assault, sequela"
T443X3S,"Poisn by oth parasympath and spasmolytics, assault, sequela"
T444X3A,"Poisoning by predom alpha-adrenocpt agonists, assault, init"
T444X3A,"Poisoning by predom alpha-adrenocpt agonists, assault, init"
T444X3S,"Poisn by predom alpha-adrenocpt agonists, assault, sequela"
T444X3S,"Poisn by predom alpha-adrenocpt agonists, assault, sequela"
T445X3A,"Poisoning by predom beta-adrenocpt agonists, assault, init"
T445X3A,"Poisoning by predom beta-adrenocpt agonists, assault, init"
T445X3S,"Poisn by predom beta-adrenocpt agonists, assault, sequela"
T445X3S,"Poisn by predom beta-adrenocpt agonists, assault, sequela"
T446X3A,"Poisoning by alpha-adrenoreceptor antagonists, assault, init"
T446X3A,"Poisoning by alpha-adrenoreceptor antagonists, assault, init"
T446X3S,"Poisoning by alpha-adrenocpt antagonists, assault, sequela"
T446X3S,"Poisoning by alpha-adrenocpt antagonists, assault, sequela"
T447X3A,"Poisoning by beta-adrenoreceptor antagonists, assault, init"
T447X3A,"Poisoning by beta-adrenoreceptor antagonists, assault, init"
T447X3S,"Poisoning by beta-adrenocpt antagonists, assault, sequela"
T447X3S,"Poisoning by beta-adrenocpt antagonists, assault, sequela"
T448X3A,"Poisn by centr-acting/adren-neurn-block agnt, assault, init"
T448X3A,"Poisn by centr-acting/adren-neurn-block agnt, assault, init"
T448X3S,"Poisn by centr-acting/adren-neurn-block agnt, asslt, sequela"
T448X3S,"Poisn by centr-acting/adren-neurn-block agnt, asslt, sequela"
T44903A,"Poisn by unsp drugs aff the autonm nervous sys, asslt, init"
T44903A,"Poisn by unsp drugs aff the autonm nervous sys, asslt, init"
T44903S,"Poisn by unsp drugs aff the autonm nrv sys, asslt, sequela"
T44903S,"Poisn by unsp drugs aff the autonm nrv sys, asslt, sequela"
T44993A,"Poisn by oth drug aff the autonm nervous sys, assault, init"
T44993A,"Poisn by oth drug aff the autonm nervous sys, assault, init"
T44993S,"Poisn by oth drug aff the autonm nervous sys, asslt, sequela"
T44993S,"Poisn by oth drug aff the autonm nervous sys, asslt, sequela"
T450X3A,"Poisoning by antiallerg/antiemetic, assault, init"
T450X3A,"Poisoning by antiallerg/antiemetic, assault, init"
T450X3S,"Poisoning by antiallerg/antiemetic, assault, sequela"
T450X3S,"Poisoning by antiallerg/antiemetic, assault, sequela"
T451X3A,"Poisoning by antineopl and immunosup drugs, assault, init"
T451X3A,"Poisoning by antineopl and immunosup drugs, assault, init"
T451X3S,"Poisoning by antineopl and immunosup drugs, assault, sequela"
T451X3S,"Poisoning by antineopl and immunosup drugs, assault, sequela"
T452X3A,"Poisoning by vitamins, assault, initial encounter"
T452X3A,"Poisoning by vitamins, assault, initial encounter"
T452X3S,"Poisoning by vitamins, assault, sequela"
T452X3S,"Poisoning by vitamins, assault, sequela"
T453X3A,"Poisoning by enzymes, assault, initial encounter"
T453X3A,"Poisoning by enzymes, assault, initial encounter"
T453X3S,"Poisoning by enzymes, assault, sequela"
T453X3S,"Poisoning by enzymes, assault, sequela"
T454X3A,"Poisoning by iron and its compounds, assault, init encntr"
T454X3A,"Poisoning by iron and its compounds, assault, init encntr"
T454X3S,"Poisoning by iron and its compounds, assault, sequela"
T454X3S,"Poisoning by iron and its compounds, assault, sequela"
T45513A,"Poisoning by anticoagulants, assault, initial encounter"
T45513A,"Poisoning by anticoagulants, assault, initial encounter"
T45513S,"Poisoning by anticoagulants, assault, sequela"
T45513S,"Poisoning by anticoagulants, assault, sequela"
T45523A,"Poisoning by antithrombotic drugs, assault, init encntr"
T45523A,"Poisoning by antithrombotic drugs, assault, init encntr"
T45523S,"Poisoning by antithrombotic drugs, assault, sequela"
T45523S,"Poisoning by antithrombotic drugs, assault, sequela"
T45603A,"Poisoning by unsp fibrin-affct drugs, assault, init"
T45603A,"Poisoning by unsp fibrin-affct drugs, assault, init"
T45603S,"Poisoning by unsp fibrin-affct drugs, assault, sequela"
T45603S,"Poisoning by unsp fibrin-affct drugs, assault, sequela"
T45613A,"Poisoning by thrombolytic drug, assault, initial encounter"
T45613A,"Poisoning by thrombolytic drug, assault, initial encounter"
T45613S,"Poisoning by thrombolytic drug, assault, sequela"
T45613S,"Poisoning by thrombolytic drug, assault, sequela"
T45623A,"Poisoning by hemostatic drug, assault, initial encounter"
T45623A,"Poisoning by hemostatic drug, assault, initial encounter"
T45623S,"Poisoning by hemostatic drug, assault, sequela"
T45623S,"Poisoning by hemostatic drug, assault, sequela"
T45693A,"Poisoning by oth fibrinolysis-affecting drugs, assault, init"
T45693A,"Poisoning by oth fibrinolysis-affecting drugs, assault, init"
T45693S,"Poisoning by oth fibrin-affct drugs, assault, sequela"
T45693S,"Poisoning by oth fibrin-affct drugs, assault, sequela"
T457X3A,"Poisn by anticoag antag, vit K and oth coag, assault, init"
T457X3A,"Poisn by anticoag antag, vit K and oth coag, assault, init"
T457X3A,"Poisn by anticoag antag, vit K and oth coag, assault, init"
T457X3S,"Poisn by anticoag antag, vit K and oth coag, asslt, sequela"
T457X3S,"Poisn by anticoag antag, vit K and oth coag, asslt, sequela"
T458X3A,"Poisn by oth prim sys and hematolog agents, assault, init"
T458X3A,"Poisn by oth prim sys and hematolog agents, assault, init"
T458X3A,"Poisn by oth prim sys and hematolog agents, assault, init"
T458X3S,"Poisn by oth prim sys and hematolog agents, assault, sequela"
T458X3S,"Poisn by oth prim sys and hematolog agents, assault, sequela"
T4593XA,"Poisn by unsp prim sys and hematolog agent, assault, init"
T4593XA,"Poisn by unsp prim sys and hematolog agent, assault, init"
T4593XA,"Poisn by unsp prim sys and hematolog agent, assault, init"
T4593XS,"Poisn by unsp prim sys and hematolog agent, assault, sequela"
T4593XS,"Poisn by unsp prim sys and hematolog agent, assault, sequela"
T460X3A,"Poisn by cardi-stim glycos/drug simlar act, assault, init"
T460X3A,"Poisn by cardi-stim glycos/drug simlar act, assault, init"
T460X3S,"Poisn by cardi-stim glycos/drug simlar act, assault, sequela"
T460X3S,"Poisn by cardi-stim glycos/drug simlar act, assault, sequela"
T461X3A,"Poisoning by calcium-channel blockers, assault, init encntr"
T461X3A,"Poisoning by calcium-channel blockers, assault, init encntr"
T461X3S,"Poisoning by calcium-channel blockers, assault, sequela"
T461X3S,"Poisoning by calcium-channel blockers, assault, sequela"
T462X3A,"Poisoning by oth antidysrhythmic drugs, assault, init encntr"
T462X3A,"Poisoning by oth antidysrhythmic drugs, assault, init encntr"
T462X3S,"Poisoning by other antidysrhythmic drugs, assault, sequela"
T462X3S,"Poisoning by other antidysrhythmic drugs, assault, sequela"
T463X3A,"Poisoning by coronary vasodilators, assault, init encntr"
T463X3A,"Poisoning by coronary vasodilators, assault, init encntr"
T463X3S,"Poisoning by coronary vasodilators, assault, sequela"
T463X3S,"Poisoning by coronary vasodilators, assault, sequela"
T464X3A,"Poisoning by angiotens-convert-enzyme inhibtr, assault, init"
T464X3A,"Poisoning by angiotens-convert-enzyme inhibtr, assault, init"
T464X3S,"Poisn by angiotens-convert-enzyme inhibtr, assault, sequela"
T464X3S,"Poisn by angiotens-convert-enzyme inhibtr, assault, sequela"
T465X3A,"Poisoning by oth antihypertensive drugs, assault, init"
T465X3A,"Poisoning by oth antihypertensive drugs, assault, init"
T465X3S,"Poisoning by other antihypertensive drugs, assault, sequela"
T465X3S,"Poisoning by other antihypertensive drugs, assault, sequela"
T466X3A,"Poisn by antihyperlip and antiarterio drugs, assault, init"
T466X3A,"Poisn by antihyperlip and antiarterio drugs, assault, init"
T466X3S,"Poisn by antihyperlip and antiarterio drugs, asslt, sequela"
T466X3S,"Poisn by antihyperlip and antiarterio drugs, asslt, sequela"
T467X3A,"Poisoning by peripheral vasodilators, assault, init encntr"
T467X3A,"Poisoning by peripheral vasodilators, assault, init encntr"
T467X3S,"Poisoning by peripheral vasodilators, assault, sequela"
T467X3S,"Poisoning by peripheral vasodilators, assault, sequela"
T468X3A,"Poisn by antivaric drugs, inc scler agents, assault, init"
T468X3A,"Poisn by antivaric drugs, inc scler agents, assault, init"
T468X3S,"Poisn by antivaric drugs, inc scler agents, assault, sequela"
T468X3S,"Poisn by antivaric drugs, inc scler agents, assault, sequela"
T46903A,"Poisn by unsp agents aff the cardiovasc sys, assault, init"
T46903A,"Poisn by unsp agents aff the cardiovasc sys, assault, init"
T46903S,"Poisn by unsp agents aff the cardiovasc sys, asslt, sequela"
T46903S,"Poisn by unsp agents aff the cardiovasc sys, asslt, sequela"
T46993A,"Poisn by oth agents aff the cardiovasc sys, assault, init"
T46993A,"Poisn by oth agents aff the cardiovasc sys, assault, init"
T46993S,"Poisn by oth agents aff the cardiovasc sys, assault, sequela"
T46993S,"Poisn by oth agents aff the cardiovasc sys, assault, sequela"
T470X3A,"Poisoning by histamine H2-receptor blockers, assault, init"
T470X3A,"Poisoning by histamine H2-receptor blockers, assault, init"
T470X3S,"Poisn by histamine H2-receptor blockers, assault, sequela"
T470X3S,"Poisn by histamine H2-receptor blockers, assault, sequela"
T471X3A,"Poisn by oth antacids and anti-gstrc-sec drugs, asslt, init"
T471X3A,"Poisn by oth antacids and anti-gstrc-sec drugs, asslt, init"
T471X3S,"Poisn by oth antacids and anti-gstrc-sec drugs, asslt, sqla"
T471X3S,"Poisn by oth antacids and anti-gstrc-sec drugs, asslt, sqla"
T472X3A,"Poisoning by stimulant laxatives, assault, initial encounter"
T472X3A,"Poisoning by stimulant laxatives, assault, initial encounter"
T472X3S,"Poisoning by stimulant laxatives, assault, sequela"
T472X3S,"Poisoning by stimulant laxatives, assault, sequela"
T473X3A,"Poisoning by saline and osmotic laxatives, assault, init"
T473X3A,"Poisoning by saline and osmotic laxatives, assault, init"
T473X3S,"Poisoning by saline and osmotic laxatives, assault, sequela"
T473X3S,"Poisoning by saline and osmotic laxatives, assault, sequela"
T474X3A,"Poisoning by other laxatives, assault, initial encounter"
T474X3A,"Poisoning by other laxatives, assault, initial encounter"
T474X3S,"Poisoning by other laxatives, assault, sequela"
T474X3S,"Poisoning by other laxatives, assault, sequela"
T475X3A,"Poisoning by digestants, assault, initial encounter"
T475X3A,"Poisoning by digestants, assault, initial encounter"
T475X3S,"Poisoning by digestants, assault, sequela"
T475X3S,"Poisoning by digestants, assault, sequela"
T476X3A,"Poisoning by antidiarrheal drugs, assault, initial encounter"
T476X3A,"Poisoning by antidiarrheal drugs, assault, initial encounter"
T476X3S,"Poisoning by antidiarrheal drugs, assault, sequela"
T476X3S,"Poisoning by antidiarrheal drugs, assault, sequela"
T477X3A,"Poisoning by emetics, assault, initial encounter"
T477X3A,"Poisoning by emetics, assault, initial encounter"
T477X3S,"Poisoning by emetics, assault, sequela"
T477X3S,"Poisoning by emetics, assault, sequela"
T478X3A,"Poisoning by oth agents aff GI sys, assault, init"
T478X3A,"Poisoning by oth agents aff GI sys, assault, init"
T478X3S,"Poisoning by oth agents aff GI sys, assault, sequela"
T478X3S,"Poisoning by oth agents aff GI sys, assault, sequela"
T4793XA,"Poisoning by unsp agents aff the GI sys, assault, init"
T4793XA,"Poisoning by unsp agents aff the GI sys, assault, init"
T4793XS,"Poisoning by unsp agents aff the GI sys, assault, sequela"
T4793XS,"Poisoning by unsp agents aff the GI sys, assault, sequela"
T480X3A,"Poisoning by oxytocic drugs, assault, initial encounter"
T480X3A,"Poisoning by oxytocic drugs, assault, initial encounter"
T480X3S,"Poisoning by oxytocic drugs, assault, sequela"
T480X3S,"Poisoning by oxytocic drugs, assault, sequela"
T481X3A,"Poisoning by skeletal muscle relaxants, assault, init encntr"
T481X3A,"Poisoning by skeletal muscle relaxants, assault, init encntr"
T481X3S,"Poisoning by skeletal muscle relaxants, assault, sequela"
T481X3S,"Poisoning by skeletal muscle relaxants, assault, sequela"
T48203A,"Poisoning by unsp drugs acting on muscles, assault, init"
T48203A,"Poisoning by unsp drugs acting on muscles, assault, init"
T48203S,"Poisoning by unsp drugs acting on muscles, assault, sequela"
T48203S,"Poisoning by unsp drugs acting on muscles, assault, sequela"
T48293A,"Poisoning by oth drugs acting on muscles, assault, init"
T48293A,"Poisoning by oth drugs acting on muscles, assault, init"
T48293S,"Poisoning by other drugs acting on muscles, assault, sequela"
T48293S,"Poisoning by other drugs acting on muscles, assault, sequela"
T483X3A,"Poisoning by antitussives, assault, initial encounter"
T483X3A,"Poisoning by antitussives, assault, initial encounter"
T483X3S,"Poisoning by antitussives, assault, sequela"
T483X3S,"Poisoning by antitussives, assault, sequela"
T484X3A,"Poisoning by expectorants, assault, initial encounter"
T484X3A,"Poisoning by expectorants, assault, initial encounter"
T484X3S,"Poisoning by expectorants, assault, sequela"
T484X3S,"Poisoning by expectorants, assault, sequela"
T485X3A,"Poisoning by oth anti-common-cold drugs, assault, init"
T485X3A,"Poisoning by oth anti-common-cold drugs, assault, init"
T485X3S,"Poisoning by other anti-common-cold drugs, assault, sequela"
T485X3S,"Poisoning by other anti-common-cold drugs, assault, sequela"
T486X3A,"Poisoning by antiasthmatics, assault, initial encounter"
T486X3A,"Poisoning by antiasthmatics, assault, initial encounter"
T486X3S,"Poisoning by antiasthmatics, assault, sequela"
T486X3S,"Poisoning by antiasthmatics, assault, sequela"
T48903A,"Poisn by unsp agents prim act on the resp sys, asslt, init"
T48903A,"Poisn by unsp agents prim act on the resp sys, asslt, init"
T48903S,"Poisn by unsp agents prim act on the resp sys, asslt, sqla"
T48903S,"Poisn by unsp agents prim act on the resp sys, asslt, sqla"
T48993A,"Poisn by oth agents prim acting on the resp sys, asslt, init"
T48993A,"Poisn by oth agents prim acting on the resp sys, asslt, init"
T48993S,"Poisn by oth agents prim acting on the resp sys, asslt, sqla"
T48993S,"Poisn by oth agents prim acting on the resp sys, asslt, sqla"
T490X3A,"Poisn by local antifung/infect/inflamm drugs, assault, init"
T490X3A,"Poisn by local antifung/infect/inflamm drugs, assault, init"
T490X3S,"Poisn by local antifung/infect/inflamm drugs, asslt, sequela"
T490X3S,"Poisn by local antifung/infect/inflamm drugs, asslt, sequela"
T491X3A,"Poisoning by antipruritics, assault, initial encounter"
T491X3A,"Poisoning by antipruritics, assault, initial encounter"
T491X3S,"Poisoning by antipruritics, assault, sequela"
T491X3S,"Poisoning by antipruritics, assault, sequela"
T492X3A,"Poisoning by local astringents/detergents, assault, init"
T492X3A,"Poisoning by local astringents/detergents, assault, init"
T492X3S,"Poisoning by local astringents/detergents, assault, sequela"
T492X3S,"Poisoning by local astringents/detergents, assault, sequela"
T493X3A,"Poisn by emollients, demulcents and protect, assault, init"
T493X3A,"Poisn by emollients, demulcents and protect, assault, init"
T493X3S,"Poisn by emollients, demulcents and protect, asslt, sequela"
T493X3S,"Poisn by emollients, demulcents and protect, asslt, sequela"
T494X3A,"Poisn by keratolyt/keratplst/hair trmt drug, assault, init"
T494X3A,"Poisn by keratolyt/keratplst/hair trmt drug, assault, init"
T494X3S,"Poisn by keratolyt/keratplst/hair trmt drug, asslt, sequela"
T494X3S,"Poisn by keratolyt/keratplst/hair trmt drug, asslt, sequela"
T495X3A,"Poisoning by opth drugs and preparations, assault, init"
T495X3A,"Poisoning by opth drugs and preparations, assault, init"
T495X3S,"Poisoning by opth drugs and preparations, assault, sequela"
T495X3S,"Poisoning by opth drugs and preparations, assault, sequela"
T496X3A,"Poisoning by otorhino drugs and preparations, assault, init"
T496X3A,"Poisoning by otorhino drugs and preparations, assault, init"
T496X3S,"Poisoning by otorhino drugs and prep, assault, sequela"
T496X3S,"Poisoning by otorhino drugs and prep, assault, sequela"
T497X3A,"Poisoning by dental drugs, topically applied, assault, init"
T497X3A,"Poisoning by dental drugs, topically applied, assault, init"
T497X3S,"Poisn by dental drugs, topically applied, assault, sequela"
T497X3S,"Poisn by dental drugs, topically applied, assault, sequela"
T498X3A,"Poisoning by other topical agents, assault, init encntr"
T498X3A,"Poisoning by other topical agents, assault, init encntr"
T498X3S,"Poisoning by other topical agents, assault, sequela"
T498X3S,"Poisoning by other topical agents, assault, sequela"
T4993XA,"Poisoning by unspecified topical agent, assault, init encntr"
T4993XA,"Poisoning by unspecified topical agent, assault, init encntr"
T4993XS,"Poisoning by unspecified topical agent, assault, sequela"
T4993XS,"Poisoning by unspecified topical agent, assault, sequela"
T500X3A,"Poisoning by mineralocorticoids and antag, assault, init"
T500X3A,"Poisoning by mineralocorticoids and antag, assault, init"
T500X3S,"Poisoning by mineralocorticoids and antag, assault, sequela"
T500X3S,"Poisoning by mineralocorticoids and antag, assault, sequela"
T501X3A,"Poisoning by loop diuretics, assault, initial encounter"
T501X3A,"Poisoning by loop diuretics, assault, initial encounter"
T501X3S,"Poisoning by loop [high-ceiling] diuretics, assault, sequela"
T501X3S,"Poisoning by loop [high-ceiling] diuretics, assault, sequela"
T502X3A,"Poisn by crbnc-anhydr inhibtr,benzo/oth diuretc, asslt, init"
T502X3A,"Poisn by crbnc-anhydr inhibtr,benzo/oth diuretc, asslt, init"
T502X3A,"Poisn by crbnc-anhydr inhibtr,benzo/oth diuretc, asslt, init"
T502X3S,"Poisn by crbnc-anhydr inhibtr,benzo/oth diuretc, asslt, sqla"
T502X3S,"Poisn by crbnc-anhydr inhibtr,benzo/oth diuretc, asslt, sqla"
T503X3A,"Poisn by electrolytic/caloric/wtr-bal agnt, assault, init"
T503X3A,"Poisn by electrolytic/caloric/wtr-bal agnt, assault, init"
T503X3S,"Poisn by electrolytic/caloric/wtr-bal agnt, assault, sequela"
T503X3S,"Poisn by electrolytic/caloric/wtr-bal agnt, assault, sequela"
T504X3A,"Poisoning by drugs affecting uric acid metab, assault, init"
T504X3A,"Poisoning by drugs affecting uric acid metab, assault, init"
T504X3S,"Poisoning by drugs aff uric acid metab, assault, sequela"
T504X3S,"Poisoning by drugs aff uric acid metab, assault, sequela"
T505X3A,"Poisoning by appetite depressants, assault, init encntr"
T505X3A,"Poisoning by appetite depressants, assault, init encntr"
T505X3S,"Poisoning by appetite depressants, assault, sequela"
T505X3S,"Poisoning by appetite depressants, assault, sequela"
T506X3A,"Poisoning by antidotes and chelating agents, assault, init"
T506X3A,"Poisoning by antidotes and chelating agents, assault, init"
T506X3S,"Poisn by antidotes and chelating agents, assault, sequela"
T506X3S,"Poisn by antidotes and chelating agents, assault, sequela"
T507X3A,"Poisn by analeptics and opioid receptor antag, assault, init"
T507X3A,"Poisn by analeptics and opioid receptor antag, assault, init"
T507X3A,"Poisn by analeptics and opioid receptor antag, assault, init"
T507X3S,"Poisn by analeptics and opioid receptor antag, asslt, sqla"
T507X3S,"Poisn by analeptics and opioid receptor antag, asslt, sqla"
T508X3A,"Poisoning by diagnostic agents, assault, initial encounter"
T508X3A,"Poisoning by diagnostic agents, assault, initial encounter"
T508X3S,"Poisoning by diagnostic agents, assault, sequela"
T508X3S,"Poisoning by diagnostic agents, assault, sequela"
T50903A,"Poisoning by unsp drug/meds/biol subst, assault, init"
T50903A,"Poisoning by unsp drug/meds/biol subst, assault, init"
T50903S,"Poisoning by unsp drug/meds/biol subst, assault, sequela"
T50903S,"Poisoning by unsp drug/meds/biol subst, assault, sequela"
T50993A,"Poisoning by oth drug/meds/biol subst, assault, init"
T50993A,"Poisoning by oth drug/meds/biol subst, assault, init"
T50993S,"Poisoning by oth drug/meds/biol subst, assault, sequela"
T50993S,"Poisoning by oth drug/meds/biol subst, assault, sequela"
T50A13A,"Poisn by pertuss vaccine, inc combin w pertuss, asslt, init"
T50A13A,"Poisn by pertuss vaccine, inc combin w pertuss, asslt, init"
T50A13S,"Poisn by pertuss vaccine, inc combin w pertuss, asslt, sqla"
T50A13S,"Poisn by pertuss vaccine, inc combin w pertuss, asslt, sqla"
T50A23A,"Poisn by mixed bact vaccines w/o a pertuss, assault, init"
T50A23A,"Poisn by mixed bact vaccines w/o a pertuss, assault, init"
T50A23S,"Poisn by mixed bact vaccines w/o a pertuss, assault, sequela"
T50A23S,"Poisn by mixed bact vaccines w/o a pertuss, assault, sequela"
T50A93A,"Poisoning by other bacterial vaccines, assault, init encntr"
T50A93A,"Poisoning by other bacterial vaccines, assault, init encntr"
T50A93S,"Poisoning by other bacterial vaccines, assault, sequela"
T50A93S,"Poisoning by other bacterial vaccines, assault, sequela"
T50B13A,"Poisoning by smallpox vaccines, assault, initial encounter"
T50B13A,"Poisoning by smallpox vaccines, assault, initial encounter"
T50B13S,"Poisoning by smallpox vaccines, assault, sequela"
T50B13S,"Poisoning by smallpox vaccines, assault, sequela"
T50B93A,"Poisoning by other viral vaccines, assault, init encntr"
T50B93A,"Poisoning by other viral vaccines, assault, init encntr"
T50B93S,"Poisoning by other viral vaccines, assault, sequela"
T50B93S,"Poisoning by other viral vaccines, assault, sequela"
T50Z13A,"Poisoning by immunoglobulin, assault, initial encounter"
T50Z13A,"Poisoning by immunoglobulin, assault, initial encounter"
T50Z13S,"Poisoning by immunoglobulin, assault, sequela"
T50Z13S,"Poisoning by immunoglobulin, assault, sequela"
T50Z93A,"Poisoning by oth vaccines and biolg substnc, assault, init"
T50Z93A,"Poisoning by oth vaccines and biolg substnc, assault, init"
T50Z93S,"Poisn by oth vaccines and biolg substnc, assault, sequela"
T50Z93S,"Poisn by oth vaccines and biolg substnc, assault, sequela"
T510X3A,"Toxic effect of ethanol, assault, initial encounter"
T510X3A,"Toxic effect of ethanol, assault, initial encounter"
T511X3A,"Toxic effect of methanol, assault, initial encounter"
T511X3A,"Toxic effect of methanol, assault, initial encounter"
T512X3A,"Toxic effect of 2-Propanol, assault, initial encounter"
T512X3A,"Toxic effect of 2-Propanol, assault, initial encounter"
T513X3A,"Toxic effect of fusel oil, assault, initial encounter"
T513X3A,"Toxic effect of fusel oil, assault, initial encounter"
T518X3A,"Toxic effect of other alcohols, assault, initial encounter"
T518X3A,"Toxic effect of other alcohols, assault, initial encounter"
T5193XA,"Toxic effect of unspecified alcohol, assault, init encntr"
T5193XA,"Toxic effect of unspecified alcohol, assault, init encntr"
T520X3A,"Toxic effect of petroleum products, assault, init encntr"
T520X3A,"Toxic effect of petroleum products, assault, init encntr"
T521X3A,"Toxic effect of benzene, assault, initial encounter"
T521X3A,"Toxic effect of benzene, assault, initial encounter"
T522X3A,"Toxic effect of homologues of benzene, assault, init encntr"
T522X3A,"Toxic effect of homologues of benzene, assault, init encntr"
T523X3A,"Toxic effect of glycols, assault, initial encounter"
T523X3A,"Toxic effect of glycols, assault, initial encounter"
T524X3A,"Toxic effect of ketones, assault, initial encounter"
T524X3A,"Toxic effect of ketones, assault, initial encounter"
T528X3A,"Toxic effect of other organic solvents, assault, init encntr"
T528X3A,"Toxic effect of other organic solvents, assault, init encntr"
T5293XA,"Toxic effect of unsp organic solvent, assault, init encntr"
T5293XA,"Toxic effect of unsp organic solvent, assault, init encntr"
T530X3A,"Toxic effect of carbon tetrachloride, assault, init encntr"
T530X3A,"Toxic effect of carbon tetrachloride, assault, init encntr"
T531X3A,"Toxic effect of chloroform, assault, initial encounter"
T531X3A,"Toxic effect of chloroform, assault, initial encounter"
T532X3A,"Toxic effect of trichloroethylene, assault, init encntr"
T532X3A,"Toxic effect of trichloroethylene, assault, init encntr"
T533X3A,"Toxic effect of tetrachloroethylene, assault, init encntr"
T533X3A,"Toxic effect of tetrachloroethylene, assault, init encntr"
T534X3A,"Toxic effect of dichloromethane, assault, initial encounter"
T534X3A,"Toxic effect of dichloromethane, assault, initial encounter"
T535X3A,"Toxic effect of chlorofluorocarbons, assault, init encntr"
T535X3A,"Toxic effect of chlorofluorocarbons, assault, init encntr"
T536X3A,"Toxic eff of halgn deriv of aliphatic hydrocrb, asslt, init"
T536X3A,"Toxic eff of halgn deriv of aliphatic hydrocrb, asslt, init"
T537X3A,"Toxic eff of halgn deriv of aromatic hydrocrb, asslt, init"
T537X3A,"Toxic eff of halgn deriv of aromatic hydrocrb, asslt, init"
T5393XA,"Tox eff of unsp halgn deriv of aromat hydrocrb, asslt, init"
T5393XA,"Tox eff of unsp halgn deriv of aromat hydrocrb, asslt, init"
T5393XA,"Tox eff of unsp halgn deriv of aromat hydrocrb, asslt, init"
T540X3A,"Toxic effect of phenol and phenol homologues, assault, init"
T540X3A,"Toxic effect of phenol and phenol homologues, assault, init"
T541X3A,"Toxic effect of corrosive organic compounds, assault, init"
T541X3A,"Toxic effect of corrosive organic compounds, assault, init"
T542X3A,"Tox eff of corrosv acids and acid-like substnc, asslt, init"
T542X3A,"Tox eff of corrosv acids and acid-like substnc, asslt, init"
T543X3A,"Tox eff of corrosv alkalis and alk-like substnc, asslt, init"
T543X3A,"Tox eff of corrosv alkalis and alk-like substnc, asslt, init"
T5493XA,"Toxic effect of unsp corrosive substance, assault, init"
T5493XA,"Toxic effect of unsp corrosive substance, assault, init"
T550X3A,"Toxic effect of soaps, assault, initial encounter"
T550X3A,"Toxic effect of soaps, assault, initial encounter"
T551X3A,"Toxic effect of detergents, assault, initial encounter"
T551X3A,"Toxic effect of detergents, assault, initial encounter"
T560X3A,"Toxic effect of lead and its compounds, assault, init encntr"
T560X3A,"Toxic effect of lead and its compounds, assault, init encntr"
T560X3A,"Toxic effect of lead and its compounds, assault, init encntr"
T560X3A,"Toxic effect of lead and its compounds, assault, init encntr"
T560X3A,"Toxic effect of lead and its compounds, assault, init encntr"
T561X3A,"Toxic effect of mercury and its compounds, assault, init"
T561X3A,"Toxic effect of mercury and its compounds, assault, init"
T562X3A,"Toxic effect of chromium and its compounds, assault, init"
T562X3A,"Toxic effect of chromium and its compounds, assault, init"
T563X3A,"Toxic effect of cadmium and its compounds, assault, init"
T563X3A,"Toxic effect of cadmium and its compounds, assault, init"
T564X3A,"Toxic effect of copper and its compounds, assault, init"
T564X3A,"Toxic effect of copper and its compounds, assault, init"
T565X3A,"Toxic effect of zinc and its compounds, assault, init encntr"
T565X3A,"Toxic effect of zinc and its compounds, assault, init encntr"
T566X3A,"Toxic effect of tin and its compounds, assault, init encntr"
T566X3A,"Toxic effect of tin and its compounds, assault, init encntr"
T567X3A,"Toxic effect of beryllium and its compounds, assault, init"
T567X3A,"Toxic effect of beryllium and its compounds, assault, init"
T56813A,"Toxic effect of thallium, assault, initial encounter"
T56813A,"Toxic effect of thallium, assault, initial encounter"
T56893A,"Toxic effect of other metals, assault, initial encounter"
T56893A,"Toxic effect of other metals, assault, initial encounter"
T5693XA,"Toxic effect of unspecified metal, assault, init encntr"
T5693XA,"Toxic effect of unspecified metal, assault, init encntr"
T570X3A,"Toxic effect of arsenic and its compounds, assault, init"
T570X3A,"Toxic effect of arsenic and its compounds, assault, init"
T571X3A,"Toxic effect of phosphorus and its compounds, assault, init"
T571X3A,"Toxic effect of phosphorus and its compounds, assault, init"
T572X3A,"Toxic effect of manganese and its compounds, assault, init"
T572X3A,"Toxic effect of manganese and its compounds, assault, init"
T573X3A,"Toxic effect of hydrogen cyanide, assault, initial encounter"
T573X3A,"Toxic effect of hydrogen cyanide, assault, initial encounter"
T578X3A,"Toxic effect of oth inorganic substances, assault, init"
T578X3A,"Toxic effect of oth inorganic substances, assault, init"
T5793XA,"Toxic effect of unsp inorganic substance, assault, init"
T5793XA,"Toxic effect of unsp inorganic substance, assault, init"
T5803XA,"Toxic effect of carb monx from mtr veh exhaust, asslt, init"
T5803XA,"Toxic effect of carb monx from mtr veh exhaust, asslt, init"
T5813XA,"Toxic effect of carb monx from utility gas, assault, init"
T5813XA,"Toxic effect of carb monx from utility gas, assault, init"
T582X3A,"Tox eff of carb monx fr incmpl combst dmst fuel, asslt, init"
T582X3A,"Tox eff of carb monx fr incmpl combst dmst fuel, asslt, init"
T588X3A,"Toxic effect of carb monx from oth source, assault, init"
T588X3A,"Toxic effect of carb monx from oth source, assault, init"
T5893XA,"Toxic effect of carb monx from unsp source, assault, init"
T5893XA,"Toxic effect of carb monx from unsp source, assault, init"
T590X3A,"Toxic effect of nitrogen oxides, assault, initial encounter"
T590X3A,"Toxic effect of nitrogen oxides, assault, initial encounter"
T591X3A,"Toxic effect of sulfur dioxide, assault, initial encounter"
T591X3A,"Toxic effect of sulfur dioxide, assault, initial encounter"
T592X3A,"Toxic effect of formaldehyde, assault, initial encounter"
T592X3A,"Toxic effect of formaldehyde, assault, initial encounter"
T593X3A,"Toxic effect of lacrimogenic gas, assault, initial encounter"
T593X3A,"Toxic effect of lacrimogenic gas, assault, initial encounter"
T594X3A,"Toxic effect of chlorine gas, assault, initial encounter"
T594X3A,"Toxic effect of chlorine gas, assault, initial encounter"
T595X3A,"Toxic eff of fluorine gas and hydrogen fluoride, asslt, init"
T595X3A,"Toxic eff of fluorine gas and hydrogen fluoride, asslt, init"
T596X3A,"Toxic effect of hydrogen sulfide, assault, initial encounter"
T596X3A,"Toxic effect of hydrogen sulfide, assault, initial encounter"
T597X3A,"Toxic effect of carbon dioxide, assault, initial encounter"
T597X3A,"Toxic effect of carbon dioxide, assault, initial encounter"
T59813A,"Toxic effect of smoke, assault, initial encounter"
T59813A,"Toxic effect of smoke, assault, initial encounter"
T59813A,"Toxic effect of smoke, assault, initial encounter"
T59893A,"Toxic effect of oth gases, fumes and vapors, assault, init"
T59893A,"Toxic effect of oth gases, fumes and vapors, assault, init"
T59893A,"Toxic effect of oth gases, fumes and vapors, assault, init"
T5993XA,"Toxic effect of unsp gases, fumes and vapors, assault, init"
T5993XA,"Toxic effect of unsp gases, fumes and vapors, assault, init"
T600X3A,"Toxic effect of organophos and carbamate insect, asslt, init"
T600X3A,"Toxic effect of organophos and carbamate insect, asslt, init"
T600X3S,"Toxic effect of organophos and carbamate insect, asslt, sqla"
T600X3S,"Toxic effect of organophos and carbamate insect, asslt, sqla"
T601X3A,"Toxic effect of halogenated insecticides, assault, init"
T601X3A,"Toxic effect of halogenated insecticides, assault, init"
T601X3S,"Toxic effect of halogenated insecticides, assault, sequela"
T601X3S,"Toxic effect of halogenated insecticides, assault, sequela"
T602X3A,"Toxic effect of other insecticides, assault, init encntr"
T602X3A,"Toxic effect of other insecticides, assault, init encntr"
T602X3S,"Toxic effect of other insecticides, assault, sequela"
T602X3S,"Toxic effect of other insecticides, assault, sequela"
T603X3A,"Toxic effect of herbicides and fungicides, assault, init"
T603X3A,"Toxic effect of herbicides and fungicides, assault, init"
T603X3S,"Toxic effect of herbicides and fungicides, assault, sequela"
T603X3S,"Toxic effect of herbicides and fungicides, assault, sequela"
T604X3A,"Toxic effect of rodenticides, assault, initial encounter"
T604X3A,"Toxic effect of rodenticides, assault, initial encounter"
T604X3S,"Toxic effect of rodenticides, assault, sequela"
T604X3S,"Toxic effect of rodenticides, assault, sequela"
T608X3A,"Toxic effect of other pesticides, assault, initial encounter"
T608X3A,"Toxic effect of other pesticides, assault, initial encounter"
T608X3S,"Toxic effect of other pesticides, assault, sequela"
T608X3S,"Toxic effect of other pesticides, assault, sequela"
T6093XA,"Toxic effect of unspecified pesticide, assault, init encntr"
T6093XA,"Toxic effect of unspecified pesticide, assault, init encntr"
T6093XS,"Toxic effect of unspecified pesticide, assault, sequela"
T6093XS,"Toxic effect of unspecified pesticide, assault, sequela"
T6103XA,"Ciguatera fish poisoning, assault, initial encounter"
T6103XA,"Ciguatera fish poisoning, assault, initial encounter"
T6103XS,"Ciguatera fish poisoning, assault, sequela"
T6103XS,"Ciguatera fish poisoning, assault, sequela"
T6113XA,"Scombroid fish poisoning, assault, initial encounter"
T6113XA,"Scombroid fish poisoning, assault, initial encounter"
T6113XS,"Scombroid fish poisoning, assault, sequela"
T6113XS,"Scombroid fish poisoning, assault, sequela"
T61773A,"Other fish poisoning, assault, initial encounter"
T61773A,"Other fish poisoning, assault, initial encounter"
T61773S,"Other fish poisoning, assault, sequela"
T61773S,"Other fish poisoning, assault, sequela"
T61783A,"Other shellfish poisoning, assault, initial encounter"
T61783A,"Other shellfish poisoning, assault, initial encounter"
T61783S,"Other shellfish poisoning, assault, sequela"
T61783S,"Other shellfish poisoning, assault, sequela"
T618X3A,"Toxic effect of other seafood, assault, initial encounter"
T618X3A,"Toxic effect of other seafood, assault, initial encounter"
T618X3S,"Toxic effect of other seafood, assault, sequela"
T618X3S,"Toxic effect of other seafood, assault, sequela"
T6193XA,"Toxic effect of unspecified seafood, assault, init encntr"
T6193XA,"Toxic effect of unspecified seafood, assault, init encntr"
T6193XS,"Toxic effect of unspecified seafood, assault, sequela"
T6193XS,"Toxic effect of unspecified seafood, assault, sequela"
T620X3A,"Toxic effect of ingested mushrooms, assault, init encntr"
T620X3A,"Toxic effect of ingested mushrooms, assault, init encntr"
T620X3S,"Toxic effect of ingested mushrooms, assault, sequela"
T620X3S,"Toxic effect of ingested mushrooms, assault, sequela"
T621X3A,"Toxic effect of ingested berries, assault, initial encounter"
T621X3A,"Toxic effect of ingested berries, assault, initial encounter"
T621X3S,"Toxic effect of ingested berries, assault, sequela"
T621X3S,"Toxic effect of ingested berries, assault, sequela"
T622X3A,"Toxic effect of ingested (parts of) plant(s), assault, init"
T622X3A,"Toxic effect of ingested (parts of) plant(s), assault, init"
T622X3S,"Toxic effect of ingest (parts of) plant(s), assault, sequela"
T622X3S,"Toxic effect of ingest (parts of) plant(s), assault, sequela"
T628X3A,"Toxic effect of noxious substnc eaten as food, assault, init"
T628X3A,"Toxic effect of noxious substnc eaten as food, assault, init"
T628X3S,"Toxic effect of noxious substnc eaten as food, asslt, sqla"
T628X3S,"Toxic effect of noxious substnc eaten as food, asslt, sqla"
T6293XA,"Toxic effect of unsp noxious sub eaten as food, asslt, init"
T6293XA,"Toxic effect of unsp noxious sub eaten as food, asslt, init"
T6293XS,"Toxic effect of unsp noxious sub eaten as food, asslt, sqla"
T6293XS,"Toxic effect of unsp noxious sub eaten as food, asslt, sqla"
T63003A,"Toxic effect of unsp snake venom, assault, init encntr"
T63003A,"Toxic effect of unsp snake venom, assault, init encntr"
T63004S,"Toxic effect of unsp snake venom, undetermined, sequela"
T63004S,"Toxic effect of unsp snake venom, undetermined, sequela"
T63013A,"Toxic effect of rattlesnake venom, assault, init encntr"
T63013A,"Toxic effect of rattlesnake venom, assault, init encntr"
T63013S,"Toxic effect of rattlesnake venom, assault, sequela"
T63013S,"Toxic effect of rattlesnake venom, assault, sequela"
T63023A,"Toxic effect of coral snake venom, assault, init encntr"
T63023A,"Toxic effect of coral snake venom, assault, init encntr"
T63023S,"Toxic effect of coral snake venom, assault, sequela"
T63023S,"Toxic effect of coral snake venom, assault, sequela"
T63033A,"Toxic effect of taipan venom, assault, initial encounter"
T63033A,"Toxic effect of taipan venom, assault, initial encounter"
T63033S,"Toxic effect of taipan venom, assault, sequela"
T63033S,"Toxic effect of taipan venom, assault, sequela"
T63043A,"Toxic effect of cobra venom, assault, initial encounter"
T63043A,"Toxic effect of cobra venom, assault, initial encounter"
T63043S,"Toxic effect of cobra venom, assault, sequela"
T63043S,"Toxic effect of cobra venom, assault, sequela"
T63063A,"Toxic effect of venom of N & S American snake, assault, init"
T63063A,"Toxic effect of venom of N & S American snake, assault, init"
T63063S,"Toxic effect of venom of N & S American snake, asslt, sqla"
T63063S,"Toxic effect of venom of N & S American snake, asslt, sqla"
T63073A,"Toxic effect of venom of oth Australian snake, assault, init"
T63073A,"Toxic effect of venom of oth Australian snake, assault, init"
T63073S,"Toxic effect of venom of Australian snake, assault, sequela"
T63073S,"Toxic effect of venom of Australian snake, assault, sequela"
T63083A,"Toxic eff of venom of African and Asian snake, asslt, init"
T63083A,"Toxic eff of venom of African and Asian snake, asslt, init"
T63083S,"Toxic eff of venom of African and Asian snake, asslt, sqla"
T63083S,"Toxic eff of venom of African and Asian snake, asslt, sqla"
T63093A,"Toxic effect of venom of other snake, assault, init encntr"
T63093A,"Toxic effect of venom of other snake, assault, init encntr"
T63093S,"Toxic effect of venom of other snake, assault, sequela"
T63093S,"Toxic effect of venom of other snake, assault, sequela"
T63113A,"Toxic effect of venom of gila monster, assault, init encntr"
T63113A,"Toxic effect of venom of gila monster, assault, init encntr"
T63113S,"Toxic effect of venom of gila monster, assault, sequela"
T63113S,"Toxic effect of venom of gila monster, assault, sequela"
T63123A,"Toxic effect of venom of oth venomous lizard, assault, init"
T63123A,"Toxic effect of venom of oth venomous lizard, assault, init"
T63123S,"Toxic effect of venom of venomous lizard, assault, sequela"
T63123S,"Toxic effect of venom of venomous lizard, assault, sequela"
T63193A,"Toxic effect of venom of oth reptiles, assault, init encntr"
T63193A,"Toxic effect of venom of oth reptiles, assault, init encntr"
T63193S,"Toxic effect of venom of other reptiles, assault, sequela"
T63193S,"Toxic effect of venom of other reptiles, assault, sequela"
T632X3A,"Toxic effect of venom of scorpion, assault, init encntr"
T632X3A,"Toxic effect of venom of scorpion, assault, init encntr"
T632X3S,"Toxic effect of venom of scorpion, assault, sequela"
T632X3S,"Toxic effect of venom of scorpion, assault, sequela"
T63303A,"Toxic effect of unsp spider venom, assault, init encntr"
T63303A,"Toxic effect of unsp spider venom, assault, init encntr"
T63303S,"Toxic effect of unspecified spider venom, assault, sequela"
T63303S,"Toxic effect of unspecified spider venom, assault, sequela"
T63313A,"Toxic effect of venom of black widow spider, assault, init"
T63313A,"Toxic effect of venom of black widow spider, assault, init"
T63313S,"Toxic effect of venom of black widow spider, asslt, sequela"
T63313S,"Toxic effect of venom of black widow spider, asslt, sequela"
T63323A,"Toxic effect of venom of tarantula, assault, init encntr"
T63323A,"Toxic effect of venom of tarantula, assault, init encntr"
T63323S,"Toxic effect of venom of tarantula, assault, sequela"
T63323S,"Toxic effect of venom of tarantula, assault, sequela"
T63333A,"Toxic effect of venom of brown recluse spider, assault, init"
T63333A,"Toxic effect of venom of brown recluse spider, assault, init"
T63333S,"Toxic effect of venom of brown recluse spider, asslt, sqla"
T63333S,"Toxic effect of venom of brown recluse spider, asslt, sqla"
T63393A,"Toxic effect of venom of other spider, assault, init encntr"
T63393A,"Toxic effect of venom of other spider, assault, init encntr"
T63393S,"Toxic effect of venom of other spider, assault, sequela"
T63393S,"Toxic effect of venom of other spider, assault, sequela"
T63413A,"Toxic effect of venom of centipede/millipede, assault, init"
T63413A,"Toxic effect of venom of centipede/millipede, assault, init"
T63413S,"Toxic effect of venom of centipede/millipede, asslt, sequela"
T63413S,"Toxic effect of venom of centipede/millipede, asslt, sequela"
T63423A,"Toxic effect of venom of ants, assault, initial encounter"
T63423A,"Toxic effect of venom of ants, assault, initial encounter"
T63423S,"Toxic effect of venom of ants, assault, sequela"
T63423S,"Toxic effect of venom of ants, assault, sequela"
T63433A,"Toxic effect of venom of caterpillars, assault, init encntr"
T63433A,"Toxic effect of venom of caterpillars, assault, init encntr"
T63433S,"Toxic effect of venom of caterpillars, assault, sequela"
T63433S,"Toxic effect of venom of caterpillars, assault, sequela"
T63443A,"Toxic effect of venom of bees, assault, initial encounter"
T63443A,"Toxic effect of venom of bees, assault, initial encounter"
T63443S,"Toxic effect of venom of bees, assault, sequela"
T63443S,"Toxic effect of venom of bees, assault, sequela"
T63453A,"Toxic effect of venom of hornets, assault, initial encounter"
T63453A,"Toxic effect of venom of hornets, assault, initial encounter"
T63453S,"Toxic effect of venom of hornets, assault, sequela"
T63453S,"Toxic effect of venom of hornets, assault, sequela"
T63463A,"Toxic effect of venom of wasps, assault, initial encounter"
T63463A,"Toxic effect of venom of wasps, assault, initial encounter"
T63463S,"Toxic effect of venom of wasps, assault, sequela"
T63463S,"Toxic effect of venom of wasps, assault, sequela"
T63483A,"Toxic effect of venom of oth arthropod, assault, init encntr"
T63483A,"Toxic effect of venom of oth arthropod, assault, init encntr"
T63483S,"Toxic effect of venom of other arthropod, assault, sequela"
T63483S,"Toxic effect of venom of other arthropod, assault, sequela"
T63513A,"Toxic effect of contact with stingray, assault, init encntr"
T63513A,"Toxic effect of contact with stingray, assault, init encntr"
T63513S,"Toxic effect of contact with stingray, assault, sequela"
T63513S,"Toxic effect of contact with stingray, assault, sequela"
T63593A,"Toxic effect of contact w oth venomous fish, assault, init"
T63593A,"Toxic effect of contact w oth venomous fish, assault, init"
T63593S,"Toxic effect of contact w oth venom fish, assault, sequela"
T63593S,"Toxic effect of contact w oth venom fish, assault, sequela"
T63613A,"Toxic effect of contact w Portugese Man-o-war, assault, init"
T63613A,"Toxic effect of contact w Portugese Man-o-war, assault, init"
T63613S,"Toxic effect of cntct w Portugese Man-o-war, asslt, sequela"
T63613S,"Toxic effect of cntct w Portugese Man-o-war, asslt, sequela"
T63623A,"Toxic effect of contact w oth jellyfish, assault, init"
T63623A,"Toxic effect of contact w oth jellyfish, assault, init"
T63623S,"Toxic effect of contact with oth jellyfish, assault, sequela"
T63623S,"Toxic effect of contact with oth jellyfish, assault, sequela"
T63633A,"Toxic effect of contact w sea anemone, assault, init encntr"
T63633A,"Toxic effect of contact w sea anemone, assault, init encntr"
T63633S,"Toxic effect of contact with sea anemone, assault, sequela"
T63633S,"Toxic effect of contact with sea anemone, assault, sequela"
T63693A,"Toxic eff of cntct w oth venom marine animals, asslt, init"
T63693A,"Toxic eff of cntct w oth venom marine animals, asslt, init"
T63693S,"Toxic eff of cntct w oth venom marine animals, asslt, sqla"
T63693S,"Toxic eff of cntct w oth venom marine animals, asslt, sqla"
T63713A,"Toxic effect of contact w venom marine plant, assault, init"
T63713A,"Toxic effect of contact w venom marine plant, assault, init"
T63713S,"Toxic effect of contact w venom marine plant, asslt, sequela"
T63713S,"Toxic effect of contact w venom marine plant, asslt, sequela"
T63793A,"Toxic effect of contact w oth venomous plant, assault, init"
T63793A,"Toxic effect of contact w oth venomous plant, assault, init"
T63793S,"Toxic effect of contact w oth venom plant, assault, sequela"
T63793S,"Toxic effect of contact w oth venom plant, assault, sequela"
T63813A,"Toxic effect of contact w venomous frog, assault, init"
T63813A,"Toxic effect of contact w venomous frog, assault, init"
T63813S,"Toxic effect of contact with venomous frog, assault, sequela"
T63813S,"Toxic effect of contact with venomous frog, assault, sequela"
T63823A,"Toxic effect of contact w venomous toad, assault, init"
T63823A,"Toxic effect of contact w venomous toad, assault, init"
T63823S,"Toxic effect of contact with venomous toad, assault, sequela"
T63823S,"Toxic effect of contact with venomous toad, assault, sequela"
T63833A,"Toxic effect of contact w oth venomous amphib, assault, init"
T63833A,"Toxic effect of contact w oth venomous amphib, assault, init"
T63833S,"Toxic effect of contact w oth venom amphib, assault, sequela"
T63833S,"Toxic effect of contact w oth venom amphib, assault, sequela"
T63893A,"Toxic effect of contact w oth venom animals, assault, init"
T63893A,"Toxic effect of contact w oth venom animals, assault, init"
T63893S,"Toxic effect of contact w oth venom animals, asslt, sequela"
T63893S,"Toxic effect of contact w oth venom animals, asslt, sequela"
T6393XA,"Toxic effect of contact w unsp venom animal, assault, init"
T6393XA,"Toxic effect of contact w unsp venom animal, assault, init"
T6393XS,"Toxic effect of contact w unsp venom animal, asslt, sequela"
T6393XS,"Toxic effect of contact w unsp venom animal, asslt, sequela"
T6403XA,"Toxic effect of aflatoxin, assault, initial encounter"
T6403XA,"Toxic effect of aflatoxin, assault, initial encounter"
T6403XS,"Toxic effect of aflatoxin, assault, sequela"
T6403XS,"Toxic effect of aflatoxin, assault, sequela"
T6483XA,"Toxic effect of mycotoxin food contaminants, assault, init"
T6483XA,"Toxic effect of mycotoxin food contaminants, assault, init"
T6483XS,"Toxic effect of mycotoxin food contamnt, assault, sequela"
T6483XS,"Toxic effect of mycotoxin food contamnt, assault, sequela"
T650X3A,"Toxic effect of cyanides, assault, initial encounter"
T650X3A,"Toxic effect of cyanides, assault, initial encounter"
T650X3S,"Toxic effect of cyanides, assault, sequela"
T650X3S,"Toxic effect of cyanides, assault, sequela"
T651X3A,"Toxic effect of strychnine and its salts, assault, init"
T651X3A,"Toxic effect of strychnine and its salts, assault, init"
T651X3S,"Toxic effect of strychnine and its salts, assault, sequela"
T651X3S,"Toxic effect of strychnine and its salts, assault, sequela"
T65213A,"Toxic effect of chewing tobacco, assault, initial encounter"
T65213A,"Toxic effect of chewing tobacco, assault, initial encounter"
T65213S,"Toxic effect of chewing tobacco, assault, sequela"
T65213S,"Toxic effect of chewing tobacco, assault, sequela"
T65223A,"Toxic effect of tobacco cigarettes, assault, init encntr"
T65223A,"Toxic effect of tobacco cigarettes, assault, init encntr"
T65223S,"Toxic effect of tobacco cigarettes, assault, sequela"
T65223S,"Toxic effect of tobacco cigarettes, assault, sequela"
T65293A,"Toxic effect of oth tobacco and nicotine, assault, init"
T65293A,"Toxic effect of oth tobacco and nicotine, assault, init"
T65293S,"Toxic effect of other tobacco and nicotine, assault, sequela"
T65293S,"Toxic effect of other tobacco and nicotine, assault, sequela"
T653X3A,"Toxic eff of nitrodrv/aminodrv of benzn/homolog, asslt, init"
T653X3A,"Toxic eff of nitrodrv/aminodrv of benzn/homolog, asslt, init"
T653X3S,"Toxic eff of nitrodrv/aminodrv of benzn/homolog, asslt, sqla"
T653X3S,"Toxic eff of nitrodrv/aminodrv of benzn/homolog, asslt, sqla"
T654X3A,"Toxic effect of carbon disulfide, assault, initial encounter"
T654X3A,"Toxic effect of carbon disulfide, assault, initial encounter"
T654X3S,"Toxic effect of carbon disulfide, assault, sequela"
T654X3S,"Toxic effect of carbon disulfide, assault, sequela"
T655X3A,"Tox eff of nitro & oth nitric acids and esters, asslt, init"
T655X3A,"Tox eff of nitro & oth nitric acids and esters, asslt, init"
T655X3S,"Tox eff of nitro & oth nitric acids and esters, asslt, sqla"
T655X3S,"Tox eff of nitro & oth nitric acids and esters, asslt, sqla"
T656X3A,"Toxic effect of paints and dyes, NEC, assault, init"
T656X3A,"Toxic effect of paints and dyes, NEC, assault, init"
T656X3S,"Toxic effect of paints and dyes, NEC, assault, sequela"
T656X3S,"Toxic effect of paints and dyes, NEC, assault, sequela"
T65813A,"Toxic effect of latex, assault, initial encounter"
T65813A,"Toxic effect of latex, assault, initial encounter"
T65813S,"Toxic effect of latex, assault, sequela"
T65813S,"Toxic effect of latex, assault, sequela"
T65823A,"Toxic effect of harmful algae and algae toxins, asslt, init"
T65823A,"Toxic effect of harmful algae and algae toxins, asslt, init"
T65823S,"Toxic effect of harmful algae and algae toxins, asslt, sqla"
T65823S,"Toxic effect of harmful algae and algae toxins, asslt, sqla"
T65833A,"Toxic effect of fiberglass, assault, initial encounter"
T65833A,"Toxic effect of fiberglass, assault, initial encounter"
T65833S,"Toxic effect of fiberglass, assault, sequela"
T65833S,"Toxic effect of fiberglass, assault, sequela"
T65893A,"Toxic effect of oth substances, assault, init encntr"
T65893A,"Toxic effect of oth substances, assault, init encntr"
T65893S,"Toxic effect of other specified substances, assault, sequela"
T65893S,"Toxic effect of other specified substances, assault, sequela"
T6593XA,"Toxic effect of unspecified substance, assault, init encntr"
T6593XA,"Toxic effect of unspecified substance, assault, init encntr"
T6593XS,"Toxic effect of unspecified substance, assault, sequela"
T6593XS,"Toxic effect of unspecified substance, assault, sequela"
T71113A,"Asphyxiation due to smothering under pillow, assault, init"
T71113A,"Asphyxiation due to smothering under pillow, assault, init"
T71123A,"Asphyxiation due to plastic bag, assault, initial encounter"
T71123A,"Asphyxiation due to plastic bag, assault, initial encounter"
T71133A,"Asphyx due to being trapped in bed linens, assault, init"
T71133A,"Asphyx due to being trapped in bed linens, assault, init"
T71143A,"Asphyx d/t smothr under another person's body, asslt, init"
T71143A,"Asphyx d/t smothr under another person's body, asslt, init"
T71153A,"Asphyxiation due to smothering in furniture, assault, init"
T71153A,"Asphyxiation due to smothering in furniture, assault, init"
T71163A,"Asphyxiation due to hanging, assault, initial encounter"
T71163A,"Asphyxiation due to hanging, assault, initial encounter"
T71163S,"Asphyxiation due to hanging, assault, sequela"
T71163S,"Asphyxiation due to hanging, assault, sequela"
T71193A,"Asphyx d/t mech threat to breathe d/t oth cause, asslt, init"
T71193A,"Asphyx d/t mech threat to breathe d/t oth cause, asslt, init"
T71223A,"Asphyx due to being trapped in a car trunk, assault, init"
T71223A,"Asphyx due to being trapped in a car trunk, assault, init"
T71233A,"Asphyx d/t being trap in a (discarded) refrig, asslt, init"
T71233A,"Asphyx d/t being trap in a (discarded) refrig, asslt, init"
X920XXA,"Assault by drowning and submersion while in bathtub, init"
X920XXD,"Assault by drowning and submersion while in bathtub, subs"
X920XXS,"Assault by drowning and submersion while in bathtub, sequela"
X921XXA,"Assault by drown while in swimming pool, init"
X921XXD,"Assault by drown while in swimming pool, subs"
X921XXS,"Assault by drown while in swimming pool, sequela"
X922XXA,"Assault by drown after push into swimming pool, init"
X922XXD,"Assault by drown after push into swimming pool, subs"
X922XXS,"Assault by drown after push into swimming pool, sequela"
X923XXA,"Assault by drowning and submersion in natural water, init"
X923XXD,"Assault by drowning and submersion in natural water, subs"
X923XXS,"Assault by drowning and submersion in natural water, sequela"
X928XXA,"Other assault by drowning and submersion, initial encounter"
X928XXD,"Other assault by drowning and submersion, subs encntr"
X928XXS,"Other assault by drowning and submersion, sequela"
X929XXA,"Assault by drowning and submersion, unspecified, init encntr"
X929XXD,"Assault by drowning and submersion, unspecified, subs encntr"
X929XXS,"Assault by drowning and submersion, unspecified, sequela"
X93XXXA,"Assault by handgun discharge, initial encounter"
X93XXXD,"Assault by handgun discharge, subsequent encounter"
X93XXXS,"Assault by handgun discharge, sequela"
X940XXA,"Assault by shotgun, initial encounter"
X940XXD,"Assault by shotgun, subsequent encounter"
X940XXS,"Assault by shotgun, sequela"
X941XXS,"Assault by hunting rifle, sequela"
X942XXA,"Assault by machine gun, initial encounter"
X942XXD,"Assault by machine gun, subsequent encounter"
X942XXS,"Assault by machine gun, sequela"
X948XXA,"Assault by other larger firearm discharge, initial encounter"
X948XXD,"Assault by other larger firearm discharge, subs encntr"
X948XXS,"Assault by other larger firearm discharge, sequela"
X949XXA,"Assault by unspecified larger firearm discharge, init encntr"
X949XXD,"Assault by unspecified larger firearm discharge, subs encntr"
X949XXS,"Assault by unspecified larger firearm discharge, sequela"
X9501XA,"Assault by airgun discharge, initial encounter"
X9501XD,"Assault by airgun discharge, subsequent encounter"
X9501XS,"Assault by airgun discharge, sequela"
X9502XA,"Assault by paintball gun discharge, initial encounter"
X9502XD,"Assault by paintball gun discharge, subsequent encounter"
X9502XS,"Assault by paintball gun discharge, sequela"
X9509XA,"Assault by oth gas, air or spring-operated gun, init encntr"
X9509XD,"Assault by oth gas, air or spring-operated gun, subs encntr"
X9509XS,"Assault by other gas, air or spring-operated gun, sequela"
X958XXA,"Assault by other firearm discharge, initial encounter"
X958XXD,"Assault by other firearm discharge, subsequent encounter"
X958XXS,"Assault by other firearm discharge, sequela"
X959XXA,"Assault by unspecified firearm discharge, initial encounter"
X959XXD,"Assault by unspecified firearm discharge, subs encntr"
X959XXS,"Assault by unspecified firearm discharge, sequela"
X960XXS,"Assault by antipersonnel bomb, sequela"
X961XXA,"Assault by gasoline bomb, initial encounter"
X961XXD,"Assault by gasoline bomb, subsequent encounter"
X961XXS,"Assault by gasoline bomb, sequela"
X962XXS,"Assault by letter bomb, sequela"
X963XXA,"Assault by fertilizer bomb, initial encounter"
X963XXD,"Assault by fertilizer bomb, subsequent encounter"
X963XXS,"Assault by fertilizer bomb, sequela"
X964XXA,"Assault by pipe bomb, initial encounter"
X964XXD,"Assault by pipe bomb, subsequent encounter"
X964XXS,"Assault by pipe bomb, sequela"
X968XXA,"Assault by other specified explosive, initial encounter"
X968XXD,"Assault by other specified explosive, subsequent encounter"
X968XXS,"Assault by other specified explosive, sequela"
X969XXA,"Assault by unspecified explosive, initial encounter"
X969XXD,"Assault by unspecified explosive, subsequent encounter"
X969XXS,"Assault by unspecified explosive, sequela"
X97XXXA,"Assault by smoke, fire and flames, initial encounter"
X97XXXD,"Assault by smoke, fire and flames, subsequent encounter"
X97XXXS,"Assault by smoke, fire and flames, sequela"
X980XXA,"Assault by steam or hot vapors, initial encounter"
X980XXD,"Assault by steam or hot vapors, subsequent encounter"
X980XXS,"Assault by steam or hot vapors, sequela"
X981XXA,"Assault by hot tap water, initial encounter"
X981XXD,"Assault by hot tap water, subsequent encounter"
X981XXS,"Assault by hot tap water, sequela"
X982XXA,"Assault by hot fluids, initial encounter"
X982XXD,"Assault by hot fluids, subsequent encounter"
X982XXS,"Assault by hot fluids, sequela"
X983XXA,"Assault by hot household appliances, initial encounter"
X983XXD,"Assault by hot household appliances, subsequent encounter"
X983XXS,"Assault by hot household appliances, sequela"
X988XXA,"Assault by other hot objects, initial encounter"
X988XXD,"Assault by other hot objects, subsequent encounter"
X988XXS,"Assault by other hot objects, sequela"
X989XXA,"Assault by unspecified hot objects, initial encounter"
X989XXD,"Assault by unspecified hot objects, subsequent encounter"
X989XXS,"Assault by unspecified hot objects, sequela"
X990XXA,"Assault by sharp glass, initial encounter"
X990XXD,"Assault by sharp glass, subsequent encounter"
X990XXS,"Assault by sharp glass, sequela"
X991XXA,"Assault by knife, initial encounter"
X991XXD,"Assault by knife, subsequent encounter"
X991XXS,"Assault by knife, sequela"
X992XXA,"Assault by sword or dagger, initial encounter"
X992XXD,"Assault by sword or dagger, subsequent encounter"
X992XXS,"Assault by sword or dagger, sequela"
X998XXA,"Assault by other sharp object, initial encounter"
X998XXD,"Assault by other sharp object, subsequent encounter"
X998XXS,"Assault by other sharp object, sequela"
X999XXA,"Assault by unspecified sharp object, initial encounter"
X999XXD,"Assault by unspecified sharp object, subsequent encounter"
X999XXS,"Assault by unspecified sharp object, sequela"
Y00XXXA,"Assault by blunt object, initial encounter"
Y00XXXD,"Assault by blunt object, subsequent encounter"
Y00XXXS,"Assault by blunt object, sequela"
Y01XXXA,"Assault by pushing from high place, initial encounter"
Y01XXXD,"Assault by pushing from high place, subsequent encounter"
Y01XXXS,"Assault by pushing from high place, sequela"
Y020XXA,"Assault by push/place victim in front of motor vehicle, init"
Y020XXD,"Assault by push/place victim in front of motor vehicle, subs"
Y020XXS,"Assault by push/place victim in front of mtr veh, sequela"
Y021XXA,"Assault by push/place victim in front of train, init"
Y021XXD,"Assault by push/place victim in front of train, subs"
Y021XXS,"Assault by push/place victim in front of train, sequela"
Y028XXA,"Assault by push/place victim in front of moving object, init"
Y028XXD,"Assault by push/place victim in front of moving object, subs"
Y028XXS,"Asslt by push/place victim in front of moving object, sqla"
Y030XXA,"Assault by being hit or run over by motor vehicle, init"
Y030XXD,"Assault by being hit or run over by motor vehicle, subs"
Y030XXS,"Assault by being hit or run over by motor vehicle, sequela"
Y038XXA,"Other assault by crashing of motor vehicle, init encntr"
Y038XXD,"Other assault by crashing of motor vehicle, subs encntr"
Y038XXS,"Other assault by crashing of motor vehicle, sequela"
Y040XXA,"Assault by unarmed brawl or fight, initial encounter"
Y040XXD,"Assault by unarmed brawl or fight, subsequent encounter"
Y040XXS,"Assault by unarmed brawl or fight, sequela"
Y041XXA,"Assault by human bite, initial encounter"
Y041XXD,"Assault by human bite, subsequent encounter"
Y041XXS,"Assault by human bite, sequela"
Y042XXA,"Asslt by strike agnst or bumped into by another person, init"
Y042XXD,"Asslt by strike agnst or bumped into by another person, subs"
Y042XXS,"Asslt by strike agnst or bumped into by another person, sqla"
Y048XXA,"Assault by other bodily force, initial encounter"
Y048XXA,"Assault by other bodily force, initial encounter"
Y048XXD,"Assault by other bodily force, subsequent encounter"
Y048XXS,"Assault by other bodily force, sequela"
Y0801XA,"Assault by strike by hockey stick, initial encounter"
Y0801XD,"Assault by strike by hockey stick, subsequent encounter"
Y0801XS,"Assault by strike by hockey stick, sequela"
Y0802XA,"Assault by strike by baseball bat, initial encounter"
Y0802XD,"Assault by strike by baseball bat, subsequent encounter"
Y0802XS,"Assault by strike by baseball bat, sequela"
Y0809XA,"Assault by strike by oth type of sport equipment, init"
Y0809XD,"Assault by strike by oth type of sport equipment, subs"
Y0809XS,"Assault by strike by oth type of sport equipment, sequela"
Y0881XA,"Assault by crashing of aircraft, initial encounter"
Y0881XD,"Assault by crashing of aircraft, subsequent encounter"
Y0881XS,"Assault by crashing of aircraft, sequela"
Y0889XA,"Assault by other specified means, initial encounter"
Y0889XD,"Assault by other specified means, subsequent encounter"
Y0889XS,"Assault by other specified means, sequela"
Y09,Assault by unspecified means
